{
	"door_max": 12,
	"parts_normal": [{
			"part_name": "exterior",
			"positions": [
				[0, -55]
			],
			"stage": "exterior"
		},
		{
			"part_name": "interior",
			"positions": [
				[0, -55]
			],
			"stage": "interior"
		},
		{
			"part_name": "head_light",
			"positions": [
				[0, -55]
			],
			"stage": "lights"
		},
		{
			"part_name": "front_left",
			"positions": [
				[0, -55]
			],
			"stage": "exterior",
			"door_offset_z": "right"
		},
		{
			"part_name": "front_right",
			"positions": [
				[0, -55]
			],
			"stage": "exterior",
			"door_offset_z": "right_negative"
		},
		{
			"part_name": "rare_left",
			"positions": [
				[0, -55]
			],
			"stage": "exterior",
			"door_offset_z": "right"
			
		},
		{
			"part_name": "rare_right",
			"positions": [
				[0, -55]
			],
			"stage": "exterior",
			"door_offset_z": "right_negative"
		}
		
	],
	
	"parts_door_opened": [
		{
			"part_name": "door_light",
			"positions": [
				[0, -55]
			],
			"stage": "lights"
			
			
		}
		]
}