{"door_max":13,"parts":[{"name":"roof_door","positions":[[0.0,-98.0]],"mirror":false,"stage":"LIGHTS","skip_rendering_if_too_far":false,"door_offset":"NONE","render_condition":"ALL","whitelisted_cars":"1","blacklisted_cars":"%1"},{"name":"roof_door","positions":[[0,-98]],"mirror":true,"stage":"LIGHTS","skip_rendering_if_too_far":false,"door_offset":"NONE","render_condition":"ALL","whitelisted_cars":"1","blacklisted_cars":"%1"},{"name":"bogie","positions":[[0,155]],"mirror":false,"stage":"EXTERIOR","skip_rendering_if_too_far":false,"door_offset":"NONE","render_condition":"ALL","whitelisted_cars":"1","blacklisted_cars":"%1"},{"name":"bogie","positions":[[0,-155]],"mirror":true,"stage":"EXTERIOR","skip_rendering_if_too_far":false,"door_offset":"NONE","render_condition":"ALL","whitelisted_cars":"1","blacklisted_cars":"%1"},{"name":"roof","positions":[[0.0,-157.0],[0.0,-39.0]],"mirror":false,"stage":"LIGHTS","skip_rendering_if_too_far":false,"door_offset":"NONE","render_condition":"ALL","whitelisted_cars":"1","blacklisted_cars":"%1"},{"name":"roof","positions":[[0.0,-157.0],[0.0,-39.0]],"mirror":true,"stage":"LIGHTS","skip_rendering_if_too_far":false,"door_offset":"NONE","render_condition":"ALL","whitelisted_cars":"1","blacklisted_cars":"%1"},{"name":"shoudiangong","positions":[[0.0,-100.0]],"mirror":false,"stage":"EXTERIOR","skip_rendering_if_too_far":false,"door_offset":"NONE","render_condition":"MOVING_FORWARDS","whitelisted_cars":"4","blacklisted_cars":"%1"},{"name":"head","positions":[[0,-196]],"mirror":false,"stage":"EXTERIOR","skip_rendering_if_too_far":false,"door_offset":"NONE","render_condition":"ALL","whitelisted_cars":"1","blacklisted_cars":"%1"},{"name":"seat","positions":[[14.0,-175.5],[7.5,-175.5],[-7.5,-175.5],[-14.0,-175.5],[14.0,-156.0],[7.5,-156.0],[-7.5,-156.0],[-14.0,-156.0],[14.0,-136.5],[7.5,-136.5],[-7.5,-136.5],[-14.0,-136.5],[14.0,-58.5],[7.5,-58.5],[-7.5,-58.5],[-14.0,-58.5],[14.0,-39.0],[7.5,-39.0],[-7.5,-39.0],[-14.0,-39.0],[14.0,-19.5],[7.5,-19.5],[-7.5,-19.5],[-14.0,-19.5]],"mirror":false,"stage":"INTERIOR","skip_rendering_if_too_far":false,"door_offset":"NONE","render_condition":"ALL","whitelisted_cars":"1","blacklisted_cars":"%1"},{"name":"window","positions":[[0.0,-157.0],[0.0,-39.0]],"mirror":false,"stage":"INTERIOR","skip_rendering_if_too_far":false,"door_offset":"NONE","render_condition":"ALL","whitelisted_cars":"1","blacklisted_cars":"%1"},{"name":"window","positions":[[0,-157],[0,-39]],"mirror":true,"stage":"INTERIOR","skip_rendering_if_too_far":false,"door_offset":"NONE","render_condition":"ALL","whitelisted_cars":"1","blacklisted_cars":"%1"},{"name":"head_wall","positions":[[0,-196]],"mirror":false,"stage":"INTERIOR","skip_rendering_if_too_far":false,"door_offset":"NONE","render_condition":"ALL","whitelisted_cars":"1","blacklisted_cars":"%1"},{"name":"end_door","positions":[[0.0,-98.0]],"mirror":false,"stage":"INTERIOR","skip_rendering_if_too_far":false,"door_offset":"NONE","render_condition":"ALL","whitelisted_cars":"1","blacklisted_cars":"%1"},{"name":"left_door","positions":[[0.0,-98.0]],"mirror":false,"stage":"INTERIOR","skip_rendering_if_too_far":false,"door_offset":"LEFT_POSITIVE","render_condition":"ALL","whitelisted_cars":"1","blacklisted_cars":"%1"},{"name":"right_door","positions":[[0.0,-98.0]],"mirror":false,"stage":"INTERIOR","skip_rendering_if_too_far":false,"door_offset":"RIGHT_NEGATIVE","render_condition":"ALL","whitelisted_cars":"1","blacklisted_cars":"%1"},{"name":"window_exterior_end","positions":[[0,-196]],"mirror":false,"stage":"EXTERIOR","skip_rendering_if_too_far":false,"door_offset":"NONE","render_condition":"ALL","whitelisted_cars":"1","blacklisted_cars":"%1"},{"name":"roof_exterior_door","positions":[[0.0,-98.0]],"mirror":false,"stage":"EXTERIOR","skip_rendering_if_too_far":false,"door_offset":"NONE","render_condition":"ALL","whitelisted_cars":"1","blacklisted_cars":"%1"},{"name":"roof_exterior_door","positions":[[0.0,-98.0]],"mirror":true,"stage":"EXTERIOR","skip_rendering_if_too_far":false,"door_offset":"NONE","render_condition":"ALL","whitelisted_cars":"1","blacklisted_cars":"%1"},{"name":"roof_exterior","positions":[[0.0,-157.0],[0.0,-39.0]],"mirror":false,"stage":"EXTERIOR","skip_rendering_if_too_far":false,"door_offset":"NONE","render_condition":"ALL","whitelisted_cars":"1","blacklisted_cars":"%1"},{"name":"roof_exterior","positions":[[0.0,-157.0],[0.0,-39.0]],"mirror":true,"stage":"EXTERIOR","skip_rendering_if_too_far":false,"door_offset":"NONE","render_condition":"ALL","whitelisted_cars":"1","blacklisted_cars":"%1"},{"name":"door_exterior_end","positions":[[0.0,-98.0]],"mirror":false,"stage":"EXTERIOR","skip_rendering_if_too_far":false,"door_offset":"NONE","render_condition":"ALL","whitelisted_cars":"1","blacklisted_cars":"%1"},{"name":"door_standard","positions":[[0.0,-98.0]],"mirror":false,"stage":"INTERIOR","skip_rendering_if_too_far":false,"door_offset":"NONE","render_condition":"ALL","whitelisted_cars":"1","blacklisted_cars":"%1"},{"name":"left_door_exterior_end","positions":[[0.0,-98.0]],"mirror":false,"stage":"EXTERIOR","skip_rendering_if_too_far":false,"door_offset":"LEFT_POSITIVE","render_condition":"ALL","whitelisted_cars":"1","blacklisted_cars":"%1"},{"name":"right_door_exterior_end","positions":[[0.0,-98.0]],"mirror":false,"stage":"EXTERIOR","skip_rendering_if_too_far":false,"door_offset":"RIGHT_NEGATIVE","render_condition":"ALL","whitelisted_cars":"1","blacklisted_cars":"%1"},{"name":"roof_door","positions":[[0.0,98.0]],"mirror":false,"stage":"LIGHTS","skip_rendering_if_too_far":false,"door_offset":"NONE","render_condition":"ALL","whitelisted_cars":"-1","blacklisted_cars":"%1"},{"name":"roof_door","positions":[[0.0,98.0]],"mirror":true,"stage":"LIGHTS","skip_rendering_if_too_far":false,"door_offset":"NONE","render_condition":"ALL","whitelisted_cars":"-1","blacklisted_cars":"%1"},{"name":"roof","positions":[[0.0,157.0],[0.0,39.0]],"mirror":false,"stage":"LIGHTS","skip_rendering_if_too_far":false,"door_offset":"NONE","render_condition":"ALL","whitelisted_cars":"-1","blacklisted_cars":"%1"},{"name":"roof","positions":[[0.0,157.0],[0.0,39.0]],"mirror":true,"stage":"LIGHTS","skip_rendering_if_too_far":false,"door_offset":"NONE","render_condition":"ALL","whitelisted_cars":"-1","blacklisted_cars":"%1"},{"name":"bogie","positions":[[0,155]],"mirror":false,"stage":"EXTERIOR","skip_rendering_if_too_far":false,"door_offset":"NONE","render_condition":"ALL","whitelisted_cars":"-1","blacklisted_cars":"%1"},{"name":"bogie","positions":[[0,-155]],"mirror":true,"stage":"EXTERIOR","skip_rendering_if_too_far":false,"door_offset":"NONE","render_condition":"ALL","whitelisted_cars":"-1","blacklisted_cars":"%1"},{"name":"shoudiangong","positions":[[0.0,100.0]],"mirror":true,"stage":"EXTERIOR","skip_rendering_if_too_far":false,"door_offset":"NONE","render_condition":"MOVING_BACKWARDS","whitelisted_cars":"-4","blacklisted_cars":"%1"},{"name":"head","positions":[[0,196]],"mirror":true,"stage":"EXTERIOR","skip_rendering_if_too_far":false,"door_offset":"NONE","render_condition":"ALL","whitelisted_cars":"-1","blacklisted_cars":"%1"},{"name":"seat","positions":[[14.0,0.0],[7.5,0.0],[-7.5,0.0],[-14.0,0.0],[14.0,175.5],[7.5,175.5],[-7.5,175.5],[-14.0,175.5],[14.0,156.0],[7.5,156.0],[-7.5,156.0],[-14.0,156.0],[14.0,136.5],[7.5,136.5],[-7.5,136.5],[-14.0,136.5],[14.0,58.5],[7.5,58.5],[-7.5,58.5],[-14.0,58.5],[14.0,39.0],[7.5,39.0],[-7.5,39.0],[-14.0,39.0],[14.0,19.5],[7.5,19.5],[-7.5,19.5],[-14.0,19.5]],"mirror":false,"stage":"INTERIOR","skip_rendering_if_too_far":false,"door_offset":"NONE","render_condition":"ALL","whitelisted_cars":"-1","blacklisted_cars":"%1"},{"name":"window","positions":[[0.0,157.0],[0.0,39.0]],"mirror":false,"stage":"INTERIOR","skip_rendering_if_too_far":false,"door_offset":"NONE","render_condition":"ALL","whitelisted_cars":"-1","blacklisted_cars":"%1"},{"name":"window","positions":[[0.0,157.0],[0.0,39.0]],"mirror":true,"stage":"INTERIOR","skip_rendering_if_too_far":false,"door_offset":"NONE","render_condition":"ALL","whitelisted_cars":"-1","blacklisted_cars":"%1"},{"name":"head_wall","positions":[[0,196]],"mirror":true,"stage":"INTERIOR","skip_rendering_if_too_far":false,"door_offset":"NONE","render_condition":"ALL","whitelisted_cars":"-1","blacklisted_cars":"%1"},{"name":"end_door","positions":[[0.0,98.0]],"mirror":true,"stage":"INTERIOR","skip_rendering_if_too_far":false,"door_offset":"NONE","render_condition":"ALL","whitelisted_cars":"-1","blacklisted_cars":"%1"},{"name":"left_door","positions":[[0.0,98.0]],"mirror":true,"stage":"INTERIOR","skip_rendering_if_too_far":false,"door_offset":"RIGHT_NEGATIVE","render_condition":"ALL","whitelisted_cars":"-1","blacklisted_cars":"%1"},{"name":"right_door","positions":[[0.0,98.0]],"mirror":true,"stage":"INTERIOR","skip_rendering_if_too_far":false,"door_offset":"LEFT_POSITIVE","render_condition":"ALL","whitelisted_cars":"-1","blacklisted_cars":"%1"},{"name":"window_exterior_end","positions":[[0.0,196.0]],"mirror":true,"stage":"EXTERIOR","skip_rendering_if_too_far":false,"door_offset":"NONE","render_condition":"ALL","whitelisted_cars":"-1","blacklisted_cars":"%1"},{"name":"roof_exterior_door","positions":[[0.0,98.0]],"mirror":false,"stage":"EXTERIOR","skip_rendering_if_too_far":false,"door_offset":"NONE","render_condition":"ALL","whitelisted_cars":"-1","blacklisted_cars":"%1"},{"name":"roof_exterior_door","positions":[[0.0,98.0]],"mirror":true,"stage":"EXTERIOR","skip_rendering_if_too_far":false,"door_offset":"NONE","render_condition":"ALL","whitelisted_cars":"-1","blacklisted_cars":"%1"},{"name":"roof_exterior","positions":[[0.0,157.0],[0.0,39.0]],"mirror":false,"stage":"EXTERIOR","skip_rendering_if_too_far":false,"door_offset":"NONE","render_condition":"ALL","whitelisted_cars":"-1","blacklisted_cars":"%1"},{"name":"roof_exterior","positions":[[0,157],[0,39]],"mirror":true,"stage":"EXTERIOR","skip_rendering_if_too_far":false,"door_offset":"NONE","render_condition":"ALL","whitelisted_cars":"-1","blacklisted_cars":"%1"},{"name":"door_exterior_end","positions":[[0.0,98.0]],"mirror":true,"stage":"EXTERIOR","skip_rendering_if_too_far":false,"door_offset":"NONE","render_condition":"ALL","whitelisted_cars":"-1","blacklisted_cars":"%1"},{"name":"door_standard","positions":[[0.0,98.0]],"mirror":true,"stage":"INTERIOR","skip_rendering_if_too_far":false,"door_offset":"NONE","render_condition":"ALL","whitelisted_cars":"-1","blacklisted_cars":"%1"},{"name":"left_door_exterior_end","positions":[[0.0,98.0]],"mirror":true,"stage":"EXTERIOR","skip_rendering_if_too_far":false,"door_offset":"RIGHT_NEGATIVE","render_condition":"ALL","whitelisted_cars":"-1","blacklisted_cars":"%1"},{"name":"right_door_exterior_end","positions":[[0.0,98.0]],"mirror":true,"stage":"EXTERIOR","skip_rendering_if_too_far":false,"door_offset":"LEFT_POSITIVE","render_condition":"ALL","whitelisted_cars":"-1","blacklisted_cars":"%1"},{"name":"headlights","positions":[[0,-196]],"mirror":false,"stage":"ALWAYS_ON_LIGHTS","skip_rendering_if_too_far":false,"door_offset":"NONE","render_condition":"MOVING_FORWARDS","whitelisted_cars":"1","blacklisted_cars":"%1"},{"name":"taillights","positions":[[0,-196]],"mirror":false,"stage":"ALWAYS_ON_LIGHTS","skip_rendering_if_too_far":false,"door_offset":"NONE","render_condition":"MOVING_BACKWARDS","whitelisted_cars":"1","blacklisted_cars":"%1"},{"name":"headlights","positions":[[0,196]],"mirror":true,"stage":"ALWAYS_ON_LIGHTS","skip_rendering_if_too_far":false,"door_offset":"NONE","render_condition":"MOVING_BACKWARDS","whitelisted_cars":"-1","blacklisted_cars":"%1"},{"name":"taillights","positions":[[0,196]],"mirror":true,"stage":"ALWAYS_ON_LIGHTS","skip_rendering_if_too_far":false,"door_offset":"NONE","render_condition":"MOVING_FORWARDS","whitelisted_cars":"-1","blacklisted_cars":"%1"},{"name":"roof","positions":[[0.0,-117.0],[0.0,-39.0]],"mirror":false,"stage":"LIGHTS","skip_rendering_if_too_far":false,"door_offset":"NONE","render_condition":"ALL","whitelisted_cars":"%1","blacklisted_cars":"1,5"},{"name":"roof","positions":[[0.0,-117.0],[0.0,-39.0]],"mirror":true,"stage":"LIGHTS","skip_rendering_if_too_far":false,"door_offset":"NONE","render_condition":"ALL","whitelisted_cars":"%1","blacklisted_cars":"1,5"},{"name":"window","positions":[[0.0,-117.0],[0.0,-39.0]],"mirror":false,"stage":"INTERIOR","skip_rendering_if_too_far":false,"door_offset":"NONE","render_condition":"ALL","whitelisted_cars":"%1","blacklisted_cars":"1,5"},{"name":"window","positions":[[0.0,-117.0],[0.0,-39.0]],"mirror":true,"stage":"INTERIOR","skip_rendering_if_too_far":false,"door_offset":"NONE","render_condition":"ALL","whitelisted_cars":"%1","blacklisted_cars":"1,5"},{"name":"seat","positions":[[14.0,-117.0],[7.5,-117.0],[-7.5,-117.0],[-14.0,-117.0],[14.0,-97.5],[7.5,-97.5],[-7.5,-97.5],[-14.0,-97.5],[14.0,-78.0],[7.5,-78.0],[-7.5,-78.0],[-14.0,-78.0],[14.0,-58.5],[7.5,-58.5],[-7.5,-58.5],[-14.0,-58.5],[14.0,-39.0],[7.5,-39.0],[-7.5,-39.0],[-14.0,-39.0],[14.0,-19.5],[7.5,-19.5],[-7.5,-19.5],[-14.0,-19.5]],"mirror":false,"stage":"INTERIOR","skip_rendering_if_too_far":false,"door_offset":"NONE","render_condition":"ALL","whitelisted_cars":"%1","blacklisted_cars":"-2,-3,3,4,5,1,2"},{"name":"window_exterior_2","positions":[[0.0,0.0]],"mirror":false,"stage":"EXTERIOR","skip_rendering_if_too_far":false,"door_offset":"NONE","render_condition":"ALL","whitelisted_cars":"%1","blacklisted_cars":"1,5"},{"name":"window_exterior_1","positions":[[0.0,0.0]],"mirror":true,"stage":"EXTERIOR","skip_rendering_if_too_far":false,"door_offset":"NONE","render_condition":"ALL","whitelisted_cars":"%1","blacklisted_cars":"1,5"},{"name":"roof_exterior","positions":[[0.0,-117.0],[0.0,-39.0]],"mirror":false,"stage":"EXTERIOR","skip_rendering_if_too_far":false,"door_offset":"NONE","render_condition":"ALL","whitelisted_cars":"%1","blacklisted_cars":"1,5"},{"name":"roof_exterior","positions":[[0.0,-117.0],[0.0,-39.0]],"mirror":true,"stage":"EXTERIOR","skip_rendering_if_too_far":false,"door_offset":"NONE","render_condition":"ALL","whitelisted_cars":"%1","blacklisted_cars":"1,5"},{"name":"roof_door","positions":[[0.0,-176.0]],"mirror":false,"stage":"LIGHTS","skip_rendering_if_too_far":false,"door_offset":"NONE","render_condition":"ALL","whitelisted_cars":"%1","blacklisted_cars":"1,5"},{"name":"roof_door","positions":[[0.0,-176.0]],"mirror":true,"stage":"LIGHTS","skip_rendering_if_too_far":false,"door_offset":"NONE","render_condition":"ALL","whitelisted_cars":"%1","blacklisted_cars":"1,5"},{"name":"door_standard","positions":[[0.0,-176.0]],"mirror":false,"stage":"INTERIOR","skip_rendering_if_too_far":false,"door_offset":"NONE","render_condition":"ALL","whitelisted_cars":"%1","blacklisted_cars":"1,5"},{"name":"left_door","positions":[[0.0,-176.0]],"mirror":false,"stage":"INTERIOR","skip_rendering_if_too_far":false,"door_offset":"LEFT_POSITIVE","render_condition":"ALL","whitelisted_cars":"%1","blacklisted_cars":"1,5"},{"name":"right_door","positions":[[0.0,-176.0]],"mirror":false,"stage":"INTERIOR","skip_rendering_if_too_far":false,"door_offset":"RIGHT_NEGATIVE","render_condition":"ALL","whitelisted_cars":"%1","blacklisted_cars":"1,5"},{"name":"bogie","positions":[[0,155]],"mirror":false,"stage":"EXTERIOR","skip_rendering_if_too_far":false,"door_offset":"NONE","render_condition":"ALL","whitelisted_cars":"%1","blacklisted_cars":"1"},{"name":"bogie","positions":[[0,-155]],"mirror":true,"stage":"EXTERIOR","skip_rendering_if_too_far":false,"door_offset":"NONE","render_condition":"ALL","whitelisted_cars":"%1","blacklisted_cars":"1"},{"name":"end","positions":[[0.0,-176.0]],"mirror":false,"stage":"INTERIOR","skip_rendering_if_too_far":false,"door_offset":"NONE","render_condition":"ALL","whitelisted_cars":"%1","blacklisted_cars":"1,-4"},{"name":"end_door","positions":[[0.0,-176.0]],"mirror":false,"stage":"INTERIOR","skip_rendering_if_too_far":false,"door_offset":"NONE","render_condition":"ALL","whitelisted_cars":"%1","blacklisted_cars":"1,-4"},{"name":"luggage_rack","positions":[[0,-140]],"mirror":false,"stage":"INTERIOR_TRANSLUCENT","skip_rendering_if_too_far":true,"door_offset":"NONE","render_condition":"ALL","whitelisted_cars":"%1","blacklisted_cars":"1"},{"name":"luggage_rack","positions":[[0,-140]],"mirror":true,"stage":"INTERIOR_TRANSLUCENT","skip_rendering_if_too_far":true,"door_offset":"NONE","render_condition":"ALL","whitelisted_cars":"%1","blacklisted_cars":"1"},{"name":"door_exterior","positions":[[0.0,-176.0]],"mirror":false,"stage":"EXTERIOR","skip_rendering_if_too_far":false,"door_offset":"NONE","render_condition":"ALL","whitelisted_cars":"%1","blacklisted_cars":"1,5"},{"name":"left_door_exterior","positions":[[0.0,-176.0]],"mirror":false,"stage":"EXTERIOR","skip_rendering_if_too_far":false,"door_offset":"LEFT_POSITIVE","render_condition":"ALL","whitelisted_cars":"%1","blacklisted_cars":"1,5"},{"name":"right_door_exterior","positions":[[0.0,-176.0]],"mirror":false,"stage":"EXTERIOR","skip_rendering_if_too_far":false,"door_offset":"RIGHT_NEGATIVE","render_condition":"ALL","whitelisted_cars":"%1","blacklisted_cars":"1,5"},{"name":"roof_exterior_door","positions":[[0.0,-176.0]],"mirror":false,"stage":"EXTERIOR","skip_rendering_if_too_far":false,"door_offset":"NONE","render_condition":"ALL","whitelisted_cars":"%1","blacklisted_cars":"1,5"},{"name":"roof_exterior_door","positions":[[0.0,-176.0]],"mirror":true,"stage":"EXTERIOR","skip_rendering_if_too_far":false,"door_offset":"NONE","render_condition":"ALL","whitelisted_cars":"%1","blacklisted_cars":"1,5"},{"name":"roof","positions":[[0.0,117.0],[0.0,39.0]],"mirror":false,"stage":"LIGHTS","skip_rendering_if_too_far":false,"door_offset":"NONE","render_condition":"ALL","whitelisted_cars":"%1","blacklisted_cars":"-1,5"},{"name":"roof","positions":[[0.0,117.0],[0.0,39.0]],"mirror":true,"stage":"LIGHTS","skip_rendering_if_too_far":false,"door_offset":"NONE","render_condition":"ALL","whitelisted_cars":"%1","blacklisted_cars":"-1,5"},{"name":"window","positions":[[0.0,117.0],[0.0,39.0]],"mirror":false,"stage":"INTERIOR","skip_rendering_if_too_far":false,"door_offset":"NONE","render_condition":"ALL","whitelisted_cars":"%1","blacklisted_cars":"-1,5"},{"name":"window","positions":[[0.0,117.0],[0.0,39.0]],"mirror":true,"stage":"INTERIOR","skip_rendering_if_too_far":false,"door_offset":"NONE","render_condition":"ALL","whitelisted_cars":"%1","blacklisted_cars":"-1,5"},{"name":"seat","positions":[[14.0,0.0],[7.5,0.0],[-7.5,0.0],[-14.0,0.0],[14.0,117.0],[7.5,117.0],[-7.5,117.0],[-14.0,117.0],[14.0,97.5],[7.5,97.5],[-7.5,97.5],[-14.0,97.5],[14.0,78.0],[7.5,78.0],[-7.5,78.0],[-14.0,78.0],[14.0,58.5],[7.5,58.5],[-7.5,58.5],[-14.0,58.5],[14.0,39.0],[7.5,39.0],[-7.5,39.0],[-14.0,39.0],[14.0,19.5],[7.5,19.5],[-7.5,19.5],[-14.0,19.5]],"mirror":false,"stage":"INTERIOR","skip_rendering_if_too_far":false,"door_offset":"NONE","render_condition":"ALL","whitelisted_cars":"%1","blacklisted_cars":"-2,-3,3,4,5,-1,2"},{"name":"window_exterior_2","positions":[[0.0,0.0]],"mirror":true,"stage":"EXTERIOR","skip_rendering_if_too_far":false,"door_offset":"NONE","render_condition":"ALL","whitelisted_cars":"%1","blacklisted_cars":"-1,5"},{"name":"window_exterior_1","positions":[[0.0,0.0]],"mirror":false,"stage":"EXTERIOR","skip_rendering_if_too_far":false,"door_offset":"NONE","render_condition":"ALL","whitelisted_cars":"%1","blacklisted_cars":"-1,5"},{"name":"roof_exterior","positions":[[0.0,117.0],[0.0,39.0]],"mirror":false,"stage":"EXTERIOR","skip_rendering_if_too_far":false,"door_offset":"NONE","render_condition":"ALL","whitelisted_cars":"%1","blacklisted_cars":"-1,5"},{"name":"roof_exterior","positions":[[0.0,117.0],[0.0,39.0]],"mirror":true,"stage":"EXTERIOR","skip_rendering_if_too_far":false,"door_offset":"NONE","render_condition":"ALL","whitelisted_cars":"%1","blacklisted_cars":"-1,5"},{"name":"roof_door","positions":[[0.0,176.0]],"mirror":false,"stage":"LIGHTS","skip_rendering_if_too_far":false,"door_offset":"NONE","render_condition":"ALL","whitelisted_cars":"%1","blacklisted_cars":"-1,5"},{"name":"roof_door","positions":[[0.0,176.0]],"mirror":true,"stage":"LIGHTS","skip_rendering_if_too_far":false,"door_offset":"NONE","render_condition":"ALL","whitelisted_cars":"%1","blacklisted_cars":"-1,5"},{"name":"door_standard","positions":[[0.0,176.0]],"mirror":true,"stage":"INTERIOR","skip_rendering_if_too_far":false,"door_offset":"NONE","render_condition":"ALL","whitelisted_cars":"%1","blacklisted_cars":"-1,5"},{"name":"left_door","positions":[[0.0,176.0]],"mirror":true,"stage":"INTERIOR","skip_rendering_if_too_far":false,"door_offset":"RIGHT_POSITIVE","render_condition":"ALL","whitelisted_cars":"%1","blacklisted_cars":"-1,5"},{"name":"right_door","positions":[[0.0,176.0]],"mirror":true,"stage":"INTERIOR","skip_rendering_if_too_far":false,"door_offset":"LEFT_NEGATIVE","render_condition":"ALL","whitelisted_cars":"%1","blacklisted_cars":"-1,5"},{"name":"end","positions":[[0,176]],"mirror":true,"stage":"INTERIOR","skip_rendering_if_too_far":false,"door_offset":"NONE","render_condition":"ALL","whitelisted_cars":"%1","blacklisted_cars":"-1"},{"name":"end_door","positions":[[0.0,176.0]],"mirror":true,"stage":"INTERIOR","skip_rendering_if_too_far":false,"door_offset":"NONE","render_condition":"ALL","whitelisted_cars":"%1","blacklisted_cars":"-1,-4"},{"name":"luggage_rack","positions":[[0,140]],"mirror":false,"stage":"INTERIOR_TRANSLUCENT","skip_rendering_if_too_far":true,"door_offset":"NONE","render_condition":"ALL","whitelisted_cars":"%1","blacklisted_cars":"-1"},{"name":"luggage_rack","positions":[[0,140]],"mirror":true,"stage":"INTERIOR_TRANSLUCENT","skip_rendering_if_too_far":true,"door_offset":"NONE","render_condition":"ALL","whitelisted_cars":"%1","blacklisted_cars":"-1"},{"name":"door_exterior","positions":[[0.0,176.0]],"mirror":true,"stage":"EXTERIOR","skip_rendering_if_too_far":false,"door_offset":"NONE","render_condition":"ALL","whitelisted_cars":"%1","blacklisted_cars":"-1,5"},{"name":"left_door_exterior","positions":[[0.0,176.0]],"mirror":true,"stage":"EXTERIOR","skip_rendering_if_too_far":false,"door_offset":"RIGHT_POSITIVE","render_condition":"ALL","whitelisted_cars":"%1","blacklisted_cars":"-1,5"},{"name":"right_door_exterior","positions":[[0.0,176.0]],"mirror":true,"stage":"EXTERIOR","skip_rendering_if_too_far":false,"door_offset":"LEFT_NEGATIVE","render_condition":"ALL","whitelisted_cars":"%1","blacklisted_cars":"-1,5"},{"name":"roof_exterior_door","positions":[[0.0,176.0]],"mirror":false,"stage":"EXTERIOR","skip_rendering_if_too_far":false,"door_offset":"NONE","render_condition":"ALL","whitelisted_cars":"%1","blacklisted_cars":"-1,5"},{"name":"roof_exterior_door","positions":[[0.0,176.0]],"mirror":true,"stage":"EXTERIOR","skip_rendering_if_too_far":false,"door_offset":"NONE","render_condition":"ALL","whitelisted_cars":"%1","blacklisted_cars":"-1,5"},{"name":"bed","stage":"EXTERIOR","mirror":false,"skip_rendering_if_too_far":false,"door_offset":"NONE","render_condition":"ALL","positions":[[0.0,20.0],[0.0,-20.0],[0.0,-60.0],[0.0,-100.0],[0.0,60.0],[0.0,100.0],[0.0,140.0]],"whitelisted_cars":"-2,-3","blacklisted_cars":"%1"},{"name":"board","stage":"EXTERIOR","mirror":false,"skip_rendering_if_too_far":false,"door_offset":"NONE","render_condition":"ALL","positions":[[0.0,-158.0]],"whitelisted_cars":"-2,-3","blacklisted_cars":"%1"},{"name":"meetingcar","stage":"EXTERIOR","mirror":false,"skip_rendering_if_too_far":false,"door_offset":"NONE","render_condition":"ALL","positions":[[0.0,0.0]],"whitelisted_cars":"3","blacklisted_cars":"%1"},{"name":"car_4","stage":"EXTERIOR","mirror":false,"skip_rendering_if_too_far":false,"door_offset":"NONE","render_condition":"ALL","positions":[[0.0,0.0]],"whitelisted_cars":"5","blacklisted_cars":"%1"},{"name":"car_4","stage":"EXTERIOR","mirror":true,"skip_rendering_if_too_far":false,"door_offset":"NONE","render_condition":"ALL","positions":[[0.0,0.0]],"whitelisted_cars":"5","blacklisted_cars":"%1"},{"name":"04roof","stage":"LIGHTS","mirror":false,"skip_rendering_if_too_far":false,"door_offset":"NONE","render_condition":"ALL","positions":[[0.0,0.0]],"whitelisted_cars":"5","blacklisted_cars":"%1"},{"name":"04roof","stage":"LIGHTS","mirror":true,"skip_rendering_if_too_far":false,"door_offset":"NONE","render_condition":"ALL","positions":[[0.0,0.0]],"whitelisted_cars":"5","blacklisted_cars":"%1"},{"name":"04right_door2","stage":"EXTERIOR","mirror":false,"skip_rendering_if_too_far":false,"door_offset":"RIGHT_POSITIVE","render_condition":"ALL","positions":[[0.0,0.0]],"whitelisted_cars":"5","blacklisted_cars":"%1"},{"name":"04right_door2","stage":"EXTERIOR","mirror":true,"skip_rendering_if_too_far":false,"door_offset":"LEFT_POSITIVE","render_condition":"ALL","positions":[[0.0,0.0]],"whitelisted_cars":"5","blacklisted_cars":"%1"},{"name":"meetingchair","stage":"EXTERIOR","mirror":false,"skip_rendering_if_too_far":false,"door_offset":"NONE","render_condition":"ALL","positions":[[0.0,0.0]],"whitelisted_cars":"3","blacklisted_cars":"%1"},{"name":"meetingchair","stage":"EXTERIOR","mirror":true,"skip_rendering_if_too_far":false,"door_offset":"NONE","render_condition":"ALL","positions":[[0.0,0.0]],"whitelisted_cars":"3","blacklisted_cars":"%1"},{"name":"cafe_car","stage":"EXTERIOR","mirror":false,"skip_rendering_if_too_far":false,"door_offset":"NONE","render_condition":"ALL","positions":[[0.0,0.0]],"whitelisted_cars":"2","blacklisted_cars":"%1"},{"name":"number_07","stage":"EXTERIOR","mirror":false,"skip_rendering_if_too_far":false,"door_offset":"NONE","render_condition":"ALL","positions":[[0.0,0.0]],"whitelisted_cars":"-2","blacklisted_cars":"%1"},{"name":"number_07","stage":"EXTERIOR","mirror":true,"skip_rendering_if_too_far":false,"door_offset":"NONE","render_condition":"ALL","positions":[[0.0,0.0]],"whitelisted_cars":"-2","blacklisted_cars":"%1"},{"name":"number_06","stage":"EXTERIOR","mirror":false,"skip_rendering_if_too_far":false,"door_offset":"NONE","render_condition":"ALL","positions":[[0.0,0.0]],"whitelisted_cars":"-3","blacklisted_cars":"%1"},{"name":"number_06","stage":"EXTERIOR","mirror":true,"skip_rendering_if_too_far":false,"door_offset":"NONE","render_condition":"ALL","positions":[[0.0,0.0]],"whitelisted_cars":"-3","blacklisted_cars":"%1"},{"name":"number_04","stage":"EXTERIOR","mirror":false,"skip_rendering_if_too_far":false,"door_offset":"NONE","render_condition":"ALL","positions":[[0.0,0.0]],"whitelisted_cars":"4","blacklisted_cars":"%1"},{"name":"number_04","stage":"EXTERIOR","mirror":true,"skip_rendering_if_too_far":false,"door_offset":"NONE","render_condition":"ALL","positions":[[0.0,0.0]],"whitelisted_cars":"4","blacklisted_cars":"%1"},{"name":"number_02","stage":"EXTERIOR","mirror":false,"skip_rendering_if_too_far":false,"door_offset":"NONE","render_condition":"ALL","positions":[[0.0,0.0]],"whitelisted_cars":"2","blacklisted_cars":"%1"},{"name":"number_02","stage":"EXTERIOR","mirror":true,"skip_rendering_if_too_far":false,"door_offset":"NONE","render_condition":"ALL","positions":[[0.0,0.0]],"whitelisted_cars":"2","blacklisted_cars":"%1"},{"name":"number_03","stage":"EXTERIOR","mirror":false,"skip_rendering_if_too_far":false,"door_offset":"NONE","render_condition":"ALL","positions":[[0.0,0.0]],"whitelisted_cars":"3","blacklisted_cars":"%1"},{"name":"number_03","stage":"EXTERIOR","mirror":true,"skip_rendering_if_too_far":false,"door_offset":"NONE","render_condition":"ALL","positions":[[0.0,0.0]],"whitelisted_cars":"3","blacklisted_cars":"%1"},{"name":"number_05","stage":"EXTERIOR","mirror":false,"skip_rendering_if_too_far":false,"door_offset":"NONE","render_condition":"ALL","positions":[[0.0,0.0]],"whitelisted_cars":"5","blacklisted_cars":"%1"},{"name":"number_05","stage":"EXTERIOR","mirror":true,"skip_rendering_if_too_far":false,"door_offset":"NONE","render_condition":"ALL","positions":[[0.0,0.0]],"whitelisted_cars":"5","blacklisted_cars":"%1"},{"name":"equipments","stage":"EXTERIOR","mirror":false,"skip_rendering_if_too_far":false,"door_offset":"NONE","render_condition":"ALL","positions":[[0.0,0.0]],"whitelisted_cars":"5","blacklisted_cars":"%1"},{"name":"screens","stage":"EXTERIOR","mirror":false,"skip_rendering_if_too_far":false,"door_offset":"NONE","render_condition":"ALL","positions":[[0.0,0.0]],"whitelisted_cars":"5","blacklisted_cars":"%1"},{"name":"equipments_2","stage":"EXTERIOR","mirror":false,"skip_rendering_if_too_far":false,"door_offset":"NONE","render_condition":"ALL","positions":[[0.0,0.0]],"whitelisted_cars":"4","blacklisted_cars":"%1"},{"name":"number_0","stage":"EXTERIOR","mirror":false,"skip_rendering_if_too_far":false,"door_offset":"NONE","render_condition":"ALL","positions":[[0.0,-145.0]],"whitelisted_cars":"-1","blacklisted_cars":"%1"},{"name":"number_1","stage":"EXTERIOR","mirror":true,"skip_rendering_if_too_far":false,"door_offset":"NONE","render_condition":"ALL","positions":[[0.0,118.0]],"whitelisted_cars":"1","blacklisted_cars":"%1"},{"name":"number_head","stage":"EXTERIOR","mirror":false,"skip_rendering_if_too_far":false,"door_offset":"NONE","render_condition":"ALL","positions":[[0.0,-160.0]],"whitelisted_cars":"1","blacklisted_cars":"%1"},{"name":"number_head","stage":"EXTERIOR","mirror":false,"skip_rendering_if_too_far":false,"door_offset":"NONE","render_condition":"ALL","positions":[[0.0,150.0]],"whitelisted_cars":"-1","blacklisted_cars":"%1"},{"name":"shoudiangong2","stage":"EXTERIOR","mirror":true,"skip_rendering_if_too_far":false,"door_offset":"NONE","render_condition":"MOVING_BACKWARDS","positions":[[0.0,-100.0]],"whitelisted_cars":"4","blacklisted_cars":"%1"},{"name":"shoudiangong2","stage":"EXTERIOR","mirror":false,"skip_rendering_if_too_far":false,"door_offset":"NONE","render_condition":"MOVING_FORWARDS","positions":[[0.0,100.0]],"whitelisted_cars":"5","blacklisted_cars":"%1"}],"transport_mode":"TRAIN","length":24,"width":2}