{"door_max":13,"parts":[{"name":"roof_door","positions":[[0,-98]],"mirror":false,"stage":"LIGHTS","skip_rendering_if_too_far":false,"door_offset":"NONE","render_condition":"ALL","whitelisted_cars":"1","blacklisted_cars":"%1"},{"name":"roof_door","positions":[[0,-98]],"mirror":true,"stage":"LIGHTS","skip_rendering_if_too_far":false,"door_offset":"NONE","render_condition":"ALL","whitelisted_cars":"1","blacklisted_cars":"%1"},{"name":"roof","positions":[[0,-157],[0,-39]],"mirror":false,"stage":"LIGHTS","skip_rendering_if_too_far":false,"door_offset":"NONE","render_condition":"ALL","whitelisted_cars":"1","blacklisted_cars":"%1"},{"name":"roof","positions":[[0,-157],[0,-39]],"mirror":true,"stage":"LIGHTS","skip_rendering_if_too_far":false,"door_offset":"NONE","render_condition":"ALL","whitelisted_cars":"1","blacklisted_cars":"%1"},{"name":"head","positions":[[0,-196]],"mirror":false,"stage":"EXTERIOR","skip_rendering_if_too_far":false,"door_offset":"NONE","render_condition":"ALL","whitelisted_cars":"1","blacklisted_cars":"%1"},{"name":"seat","positions":[[14,-175.5],[7.5,-175.5],[-7.5,-175.5],[-14,-175.5],[14,-156],[7.5,-156],[-7.5,-156],[-14,-156],[14,-136.5],[7.5,-136.5],[-7.5,-136.5],[-14,-136.5],[14,-58.5],[7.5,-58.5],[-7.5,-58.5],[-14,-58.5],[14,-39],[7.5,-39],[-7.5,-39],[-14,-39],[14,-19.5],[7.5,-19.5],[-7.5,-19.5],[-14,-19.5]],"mirror":false,"stage":"INTERIOR","skip_rendering_if_too_far":true,"door_offset":"NONE","render_condition":"ALL","whitelisted_cars":"1","blacklisted_cars":"%1"},{"name":"window","positions":[[0,-157],[0,-39]],"mirror":false,"stage":"INTERIOR","skip_rendering_if_too_far":false,"door_offset":"NONE","render_condition":"ALL","whitelisted_cars":"1","blacklisted_cars":"%1"},{"name":"window","positions":[[0,-157],[0,-39]],"mirror":true,"stage":"INTERIOR","skip_rendering_if_too_far":false,"door_offset":"NONE","render_condition":"ALL","whitelisted_cars":"1","blacklisted_cars":"%1"},{"name":"head_wall","positions":[[0,-196]],"mirror":false,"stage":"INTERIOR","skip_rendering_if_too_far":false,"door_offset":"NONE","render_condition":"ALL","whitelisted_cars":"1","blacklisted_cars":"%1"},{"name":"end_door","positions":[[0,-98]],"mirror":false,"stage":"INTERIOR","skip_rendering_if_too_far":false,"door_offset":"NONE","render_condition":"ALL","whitelisted_cars":"1","blacklisted_cars":"%1"},{"name":"left_door","positions":[[0.0,-98.0]],"mirror":false,"stage":"INTERIOR","skip_rendering_if_too_far":false,"door_offset":"LEFT_POSITIVE","render_condition":"ALL","whitelisted_cars":"1","blacklisted_cars":"%1"},{"name":"right_door","positions":[[0.0,-98.0]],"mirror":false,"stage":"INTERIOR","skip_rendering_if_too_far":false,"door_offset":"RIGHT_NEGATIVE","render_condition":"ALL","whitelisted_cars":"1","blacklisted_cars":"%1"},{"name":"window_exterior_end","positions":[[0,-196]],"mirror":false,"stage":"EXTERIOR","skip_rendering_if_too_far":false,"door_offset":"NONE","render_condition":"ALL","whitelisted_cars":"1","blacklisted_cars":"%1"},{"name":"roof_exterior_door","positions":[[0,-98]],"mirror":false,"stage":"EXTERIOR","skip_rendering_if_too_far":false,"door_offset":"NONE","render_condition":"ALL","whitelisted_cars":"1","blacklisted_cars":"%1"},{"name":"roof_exterior_door","positions":[[0,-98]],"mirror":true,"stage":"EXTERIOR","skip_rendering_if_too_far":false,"door_offset":"NONE","render_condition":"ALL","whitelisted_cars":"1","blacklisted_cars":"%1"},{"name":"roof_exterior","positions":[[0,-157],[0,-39]],"mirror":false,"stage":"EXTERIOR","skip_rendering_if_too_far":false,"door_offset":"NONE","render_condition":"ALL","whitelisted_cars":"1","blacklisted_cars":"%1"},{"name":"roof_exterior","positions":[[0,-157],[0,-39]],"mirror":true,"stage":"EXTERIOR","skip_rendering_if_too_far":false,"door_offset":"NONE","render_condition":"ALL","whitelisted_cars":"1","blacklisted_cars":"%1"},{"name":"door_exterior_end","positions":[[0,-98]],"mirror":false,"stage":"EXTERIOR","skip_rendering_if_too_far":false,"door_offset":"NONE","render_condition":"ALL","whitelisted_cars":"1","blacklisted_cars":"%1"},{"name":"door_standard","positions":[[0,-98]],"mirror":false,"stage":"INTERIOR","skip_rendering_if_too_far":false,"door_offset":"NONE","render_condition":"ALL","whitelisted_cars":"1","blacklisted_cars":"%1"},{"name":"left_door_exterior_end","positions":[[0.0,-98.0]],"mirror":false,"stage":"EXTERIOR","skip_rendering_if_too_far":false,"door_offset":"LEFT_POSITIVE","render_condition":"ALL","whitelisted_cars":"1","blacklisted_cars":"%1"},{"name":"right_door_exterior_end","positions":[[0.0,-98.0]],"mirror":false,"stage":"EXTERIOR","skip_rendering_if_too_far":false,"door_offset":"RIGHT_NEGATIVE","render_condition":"ALL","whitelisted_cars":"1","blacklisted_cars":"%1"},{"name":"roof_door","positions":[[0,98]],"mirror":false,"stage":"LIGHTS","skip_rendering_if_too_far":false,"door_offset":"NONE","render_condition":"ALL","whitelisted_cars":"-1","blacklisted_cars":"%1"},{"name":"roof_door","positions":[[0,98]],"mirror":true,"stage":"LIGHTS","skip_rendering_if_too_far":false,"door_offset":"NONE","render_condition":"ALL","whitelisted_cars":"-1","blacklisted_cars":"%1"},{"name":"roof","positions":[[0,157],[0,39]],"mirror":false,"stage":"LIGHTS","skip_rendering_if_too_far":false,"door_offset":"NONE","render_condition":"ALL","whitelisted_cars":"-1","blacklisted_cars":"%1"},{"name":"roof","positions":[[0,157],[0,39]],"mirror":true,"stage":"LIGHTS","skip_rendering_if_too_far":false,"door_offset":"NONE","render_condition":"ALL","whitelisted_cars":"-1","blacklisted_cars":"%1"},{"name":"head","positions":[[0,196]],"mirror":true,"stage":"EXTERIOR","skip_rendering_if_too_far":false,"door_offset":"NONE","render_condition":"ALL","whitelisted_cars":"-1","blacklisted_cars":"%1"},{"name":"seat","positions":[[14,0],[7.5,0],[-7.5,0],[-14,0],[14,175.5],[7.5,175.5],[-7.5,175.5],[-14,175.5],[14,156],[7.5,156],[-7.5,156],[-14,156],[14,136.5],[7.5,136.5],[-7.5,136.5],[-14,136.5],[14,58.5],[7.5,58.5],[-7.5,58.5],[-14,58.5],[14,39],[7.5,39],[-7.5,39],[-14,39],[14,19.5],[7.5,19.5],[-7.5,19.5],[-14,19.5]],"mirror":false,"stage":"INTERIOR","skip_rendering_if_too_far":true,"door_offset":"NONE","render_condition":"ALL","whitelisted_cars":"-1","blacklisted_cars":"%1"},{"name":"window","positions":[[0,157],[0,39]],"mirror":false,"stage":"INTERIOR","skip_rendering_if_too_far":false,"door_offset":"NONE","render_condition":"ALL","whitelisted_cars":"-1","blacklisted_cars":"%1"},{"name":"window","positions":[[0,157],[0,39]],"mirror":true,"stage":"INTERIOR","skip_rendering_if_too_far":false,"door_offset":"NONE","render_condition":"ALL","whitelisted_cars":"-1","blacklisted_cars":"%1"},{"name":"head_wall","positions":[[0,196]],"mirror":true,"stage":"INTERIOR","skip_rendering_if_too_far":false,"door_offset":"NONE","render_condition":"ALL","whitelisted_cars":"-1","blacklisted_cars":"%1"},{"name":"end_door","positions":[[0,98]],"mirror":true,"stage":"INTERIOR","skip_rendering_if_too_far":false,"door_offset":"NONE","render_condition":"ALL","whitelisted_cars":"-1","blacklisted_cars":"%1"},{"name":"left_door","positions":[[0.0,98.0]],"mirror":true,"stage":"INTERIOR","skip_rendering_if_too_far":false,"door_offset":"RIGHT_NEGATIVE","render_condition":"ALL","whitelisted_cars":"-1","blacklisted_cars":"%1"},{"name":"right_door","positions":[[0.0,98.0]],"mirror":true,"stage":"INTERIOR","skip_rendering_if_too_far":false,"door_offset":"LEFT_POSITIVE","render_condition":"ALL","whitelisted_cars":"-1","blacklisted_cars":"%1"},{"name":"window_exterior_end","positions":[[0,196]],"mirror":true,"stage":"EXTERIOR","skip_rendering_if_too_far":false,"door_offset":"NONE","render_condition":"ALL","whitelisted_cars":"-1","blacklisted_cars":"%1"},{"name":"roof_exterior_door","positions":[[0,98]],"mirror":false,"stage":"EXTERIOR","skip_rendering_if_too_far":false,"door_offset":"NONE","render_condition":"ALL","whitelisted_cars":"-1","blacklisted_cars":"%1"},{"name":"roof_exterior_door","positions":[[0,98]],"mirror":true,"stage":"EXTERIOR","skip_rendering_if_too_far":false,"door_offset":"NONE","render_condition":"ALL","whitelisted_cars":"-1","blacklisted_cars":"%1"},{"name":"roof_exterior","positions":[[0,157],[0,39]],"mirror":false,"stage":"EXTERIOR","skip_rendering_if_too_far":false,"door_offset":"NONE","render_condition":"ALL","whitelisted_cars":"-1","blacklisted_cars":"%1"},{"name":"roof_exterior","positions":[[0,157],[0,39]],"mirror":true,"stage":"EXTERIOR","skip_rendering_if_too_far":false,"door_offset":"NONE","render_condition":"ALL","whitelisted_cars":"-1","blacklisted_cars":"%1"},{"name":"door_exterior_end","positions":[[0,98]],"mirror":true,"stage":"EXTERIOR","skip_rendering_if_too_far":false,"door_offset":"NONE","render_condition":"ALL","whitelisted_cars":"-1","blacklisted_cars":"%1"},{"name":"door_standard","positions":[[0,98]],"mirror":true,"stage":"INTERIOR","skip_rendering_if_too_far":false,"door_offset":"NONE","render_condition":"ALL","whitelisted_cars":"-1","blacklisted_cars":"%1"},{"name":"left_door_exterior_end","positions":[[0.0,98.0]],"mirror":true,"stage":"EXTERIOR","skip_rendering_if_too_far":false,"door_offset":"RIGHT_NEGATIVE","render_condition":"ALL","whitelisted_cars":"-1","blacklisted_cars":"%1"},{"name":"right_door_exterior_end","positions":[[0.0,98.0]],"mirror":true,"stage":"EXTERIOR","skip_rendering_if_too_far":false,"door_offset":"LEFT_POSITIVE","render_condition":"ALL","whitelisted_cars":"-1","blacklisted_cars":"%1"},{"name":"headlights","positions":[[0.0,-196.0]],"mirror":false,"stage":"ALWAYS_ON_LIGHTS","skip_rendering_if_too_far":false,"door_offset":"NONE","render_condition":"MOVING_FORWARDS","whitelisted_cars":"1","blacklisted_cars":"%1"},{"name":"taillights","positions":[[0,-196]],"mirror":false,"stage":"ALWAYS_ON_LIGHTS","skip_rendering_if_too_far":false,"door_offset":"NONE","render_condition":"MOVING_BACKWARDS","whitelisted_cars":"1","blacklisted_cars":"%1"},{"name":"headlights","positions":[[0,196]],"mirror":true,"stage":"ALWAYS_ON_LIGHTS","skip_rendering_if_too_far":false,"door_offset":"NONE","render_condition":"MOVING_BACKWARDS","whitelisted_cars":"-1","blacklisted_cars":"%1"},{"name":"taillights","positions":[[0,196]],"mirror":true,"stage":"ALWAYS_ON_LIGHTS","skip_rendering_if_too_far":false,"door_offset":"NONE","render_condition":"MOVING_FORWARDS","whitelisted_cars":"-1","blacklisted_cars":"%1"},{"name":"roof","positions":[[0,-117],[0,-39]],"mirror":false,"stage":"LIGHTS","skip_rendering_if_too_far":false,"door_offset":"NONE","render_condition":"ALL","whitelisted_cars":"%1","blacklisted_cars":"1"},{"name":"roof","positions":[[0,-117],[0,-39]],"mirror":true,"stage":"LIGHTS","skip_rendering_if_too_far":false,"door_offset":"NONE","render_condition":"ALL","whitelisted_cars":"%1","blacklisted_cars":"1"},{"name":"window","positions":[[0,-117],[0,-39]],"mirror":false,"stage":"INTERIOR","skip_rendering_if_too_far":false,"door_offset":"NONE","render_condition":"ALL","whitelisted_cars":"%1","blacklisted_cars":"1"},{"name":"window","positions":[[0,-117],[0,-39]],"mirror":true,"stage":"INTERIOR","skip_rendering_if_too_far":false,"door_offset":"NONE","render_condition":"ALL","whitelisted_cars":"%1","blacklisted_cars":"1"},{"name":"seat","positions":[[14,-117],[7.5,-117],[-7.5,-117],[-14,-117],[14,-97.5],[7.5,-97.5],[-7.5,-97.5],[-14,-97.5],[14,-78],[7.5,-78],[-7.5,-78],[-14,-78],[14,-58.5],[7.5,-58.5],[-7.5,-58.5],[-14,-58.5],[14,-39],[7.5,-39],[-7.5,-39],[-14,-39],[14,-19.5],[7.5,-19.5],[-7.5,-19.5],[-14,-19.5]],"mirror":false,"stage":"INTERIOR","skip_rendering_if_too_far":true,"door_offset":"NONE","render_condition":"ALL","whitelisted_cars":"%1","blacklisted_cars":"1"},{"name":"window_exterior_2","positions":[[0,0]],"mirror":false,"stage":"EXTERIOR","skip_rendering_if_too_far":false,"door_offset":"NONE","render_condition":"ALL","whitelisted_cars":"%1","blacklisted_cars":"1"},{"name":"window_exterior_1","positions":[[0,0]],"mirror":true,"stage":"EXTERIOR","skip_rendering_if_too_far":false,"door_offset":"NONE","render_condition":"ALL","whitelisted_cars":"%1","blacklisted_cars":"1"},{"name":"roof_exterior","positions":[[0,-117],[0,-39]],"mirror":false,"stage":"EXTERIOR","skip_rendering_if_too_far":false,"door_offset":"NONE","render_condition":"ALL","whitelisted_cars":"%1","blacklisted_cars":"1"},{"name":"roof_exterior","positions":[[0,-117],[0,-39]],"mirror":true,"stage":"EXTERIOR","skip_rendering_if_too_far":false,"door_offset":"NONE","render_condition":"ALL","whitelisted_cars":"%1","blacklisted_cars":"1"},{"name":"roof_door","positions":[[0,-176]],"mirror":false,"stage":"LIGHTS","skip_rendering_if_too_far":false,"door_offset":"NONE","render_condition":"ALL","whitelisted_cars":"%1","blacklisted_cars":"1"},{"name":"roof_door","positions":[[0,-176]],"mirror":true,"stage":"LIGHTS","skip_rendering_if_too_far":false,"door_offset":"NONE","render_condition":"ALL","whitelisted_cars":"%1","blacklisted_cars":"1"},{"name":"door_standard","positions":[[0,-176]],"mirror":false,"stage":"INTERIOR","skip_rendering_if_too_far":false,"door_offset":"NONE","render_condition":"ALL","whitelisted_cars":"%1","blacklisted_cars":"1"},{"name":"left_door","positions":[[0.0,-176.0]],"mirror":false,"stage":"INTERIOR","skip_rendering_if_too_far":false,"door_offset":"LEFT_POSITIVE","render_condition":"ALL","whitelisted_cars":"%1","blacklisted_cars":"1"},{"name":"right_door","positions":[[0.0,-176.0]],"mirror":false,"stage":"INTERIOR","skip_rendering_if_too_far":false,"door_offset":"RIGHT_NEGATIVE","render_condition":"ALL","whitelisted_cars":"%1","blacklisted_cars":"1"},{"name":"end","positions":[[0,-176]],"mirror":false,"stage":"INTERIOR","skip_rendering_if_too_far":false,"door_offset":"NONE","render_condition":"ALL","whitelisted_cars":"%1","blacklisted_cars":"1"},{"name":"end_door","positions":[[0,-176]],"mirror":false,"stage":"INTERIOR","skip_rendering_if_too_far":false,"door_offset":"NONE","render_condition":"ALL","whitelisted_cars":"%1","blacklisted_cars":"1"},{"name":"luggage_rack","positions":[[0,-140]],"mirror":false,"stage":"INTERIOR_TRANSLUCENT","skip_rendering_if_too_far":true,"door_offset":"NONE","render_condition":"ALL","whitelisted_cars":"%1","blacklisted_cars":"1"},{"name":"luggage_rack","positions":[[0,-140]],"mirror":true,"stage":"INTERIOR_TRANSLUCENT","skip_rendering_if_too_far":true,"door_offset":"NONE","render_condition":"ALL","whitelisted_cars":"%1","blacklisted_cars":"1"},{"name":"door_exterior","positions":[[0,-176]],"mirror":false,"stage":"EXTERIOR","skip_rendering_if_too_far":false,"door_offset":"NONE","render_condition":"ALL","whitelisted_cars":"%1","blacklisted_cars":"1"},{"name":"left_door_exterior","positions":[[0.0,-176.0]],"mirror":false,"stage":"EXTERIOR","skip_rendering_if_too_far":false,"door_offset":"LEFT_POSITIVE","render_condition":"ALL","whitelisted_cars":"%1","blacklisted_cars":"1"},{"name":"right_door_exterior","positions":[[0.0,-176.0]],"mirror":false,"stage":"EXTERIOR","skip_rendering_if_too_far":false,"door_offset":"RIGHT_NEGATIVE","render_condition":"ALL","whitelisted_cars":"%1","blacklisted_cars":"1"},{"name":"roof_exterior_door","positions":[[0,-176]],"mirror":false,"stage":"EXTERIOR","skip_rendering_if_too_far":false,"door_offset":"NONE","render_condition":"ALL","whitelisted_cars":"%1","blacklisted_cars":"1"},{"name":"roof_exterior_door","positions":[[0,-176]],"mirror":true,"stage":"EXTERIOR","skip_rendering_if_too_far":false,"door_offset":"NONE","render_condition":"ALL","whitelisted_cars":"%1","blacklisted_cars":"1"},{"name":"roof","positions":[[0,117],[0,39]],"mirror":false,"stage":"LIGHTS","skip_rendering_if_too_far":false,"door_offset":"NONE","render_condition":"ALL","whitelisted_cars":"%1","blacklisted_cars":"-1"},{"name":"roof","positions":[[0,117],[0,39]],"mirror":true,"stage":"LIGHTS","skip_rendering_if_too_far":false,"door_offset":"NONE","render_condition":"ALL","whitelisted_cars":"%1","blacklisted_cars":"-1"},{"name":"window","positions":[[0,117],[0,39]],"mirror":false,"stage":"INTERIOR","skip_rendering_if_too_far":false,"door_offset":"NONE","render_condition":"ALL","whitelisted_cars":"%1","blacklisted_cars":"-1"},{"name":"window","positions":[[0,117],[0,39]],"mirror":true,"stage":"INTERIOR","skip_rendering_if_too_far":false,"door_offset":"NONE","render_condition":"ALL","whitelisted_cars":"%1","blacklisted_cars":"-1"},{"name":"seat","positions":[[14,0],[7.5,0],[-7.5,0],[-14,0],[14,117],[7.5,117],[-7.5,117],[-14,117],[14,97.5],[7.5,97.5],[-7.5,97.5],[-14,97.5],[14,78],[7.5,78],[-7.5,78],[-14,78],[14,58.5],[7.5,58.5],[-7.5,58.5],[-14,58.5],[14,39],[7.5,39],[-7.5,39],[-14,39],[14,19.5],[7.5,19.5],[-7.5,19.5],[-14,19.5]],"mirror":false,"stage":"INTERIOR","skip_rendering_if_too_far":true,"door_offset":"NONE","render_condition":"ALL","whitelisted_cars":"%1","blacklisted_cars":"-1"},{"name":"window_exterior_2","positions":[[0,0]],"mirror":true,"stage":"EXTERIOR","skip_rendering_if_too_far":false,"door_offset":"NONE","render_condition":"ALL","whitelisted_cars":"%1","blacklisted_cars":"-1"},{"name":"window_exterior_1","positions":[[0,0]],"mirror":false,"stage":"EXTERIOR","skip_rendering_if_too_far":false,"door_offset":"NONE","render_condition":"ALL","whitelisted_cars":"%1","blacklisted_cars":"-1"},{"name":"roof_exterior","positions":[[0,117],[0,39]],"mirror":false,"stage":"EXTERIOR","skip_rendering_if_too_far":false,"door_offset":"NONE","render_condition":"ALL","whitelisted_cars":"%1","blacklisted_cars":"-1"},{"name":"roof_exterior","positions":[[0,117],[0,39]],"mirror":true,"stage":"EXTERIOR","skip_rendering_if_too_far":false,"door_offset":"NONE","render_condition":"ALL","whitelisted_cars":"%1","blacklisted_cars":"-1"},{"name":"roof_door","positions":[[0,176]],"mirror":false,"stage":"LIGHTS","skip_rendering_if_too_far":false,"door_offset":"NONE","render_condition":"ALL","whitelisted_cars":"%1","blacklisted_cars":"-1"},{"name":"roof_door","positions":[[0,176]],"mirror":true,"stage":"LIGHTS","skip_rendering_if_too_far":false,"door_offset":"NONE","render_condition":"ALL","whitelisted_cars":"%1","blacklisted_cars":"-1"},{"name":"door_standard","positions":[[0,176]],"mirror":true,"stage":"INTERIOR","skip_rendering_if_too_far":false,"door_offset":"NONE","render_condition":"ALL","whitelisted_cars":"%1","blacklisted_cars":"-1"},{"name":"left_door","positions":[[0.0,176.0]],"mirror":true,"stage":"INTERIOR","skip_rendering_if_too_far":false,"door_offset":"RIGHT_POSITIVE","render_condition":"ALL","whitelisted_cars":"%1","blacklisted_cars":"-1"},{"name":"right_door","positions":[[0.0,176.0]],"mirror":true,"stage":"INTERIOR","skip_rendering_if_too_far":false,"door_offset":"LEFT_NEGATIVE","render_condition":"ALL","whitelisted_cars":"%1","blacklisted_cars":"-1"},{"name":"end","positions":[[0,176]],"mirror":true,"stage":"INTERIOR","skip_rendering_if_too_far":false,"door_offset":"NONE","render_condition":"ALL","whitelisted_cars":"%1","blacklisted_cars":"-1"},{"name":"end_door","positions":[[0,176]],"mirror":true,"stage":"INTERIOR","skip_rendering_if_too_far":false,"door_offset":"NONE","render_condition":"ALL","whitelisted_cars":"%1","blacklisted_cars":"-1"},{"name":"luggage_rack","positions":[[0,140]],"mirror":false,"stage":"INTERIOR_TRANSLUCENT","skip_rendering_if_too_far":true,"door_offset":"NONE","render_condition":"ALL","whitelisted_cars":"%1","blacklisted_cars":"-1"},{"name":"luggage_rack","positions":[[0,140]],"mirror":true,"stage":"INTERIOR_TRANSLUCENT","skip_rendering_if_too_far":true,"door_offset":"NONE","render_condition":"ALL","whitelisted_cars":"%1","blacklisted_cars":"-1"},{"name":"door_exterior","positions":[[0,176]],"mirror":true,"stage":"EXTERIOR","skip_rendering_if_too_far":false,"door_offset":"NONE","render_condition":"ALL","whitelisted_cars":"%1","blacklisted_cars":"-1"},{"name":"left_door_exterior","positions":[[0.0,176.0]],"mirror":true,"stage":"EXTERIOR","skip_rendering_if_too_far":false,"door_offset":"RIGHT_POSITIVE","render_condition":"ALL","whitelisted_cars":"%1","blacklisted_cars":"-1"},{"name":"right_door_exterior","positions":[[0.0,176.0]],"mirror":true,"stage":"EXTERIOR","skip_rendering_if_too_far":false,"door_offset":"LEFT_NEGATIVE","render_condition":"ALL","whitelisted_cars":"%1","blacklisted_cars":"-1"},{"name":"roof_exterior_door","positions":[[0,176]],"mirror":false,"stage":"EXTERIOR","skip_rendering_if_too_far":false,"door_offset":"NONE","render_condition":"ALL","whitelisted_cars":"%1","blacklisted_cars":"-1"},{"name":"roof_exterior_door","positions":[[0,176]],"mirror":true,"stage":"EXTERIOR","skip_rendering_if_too_far":false,"door_offset":"NONE","render_condition":"ALL","whitelisted_cars":"%1","blacklisted_cars":"-1"},{"name":"shoudiangong","stage":"EXTERIOR","mirror":true,"skip_rendering_if_too_far":false,"door_offset":"NONE","render_condition":"ALL","positions":[[0.0,-120.0]],"whitelisted_cars":"-3","blacklisted_cars":"%1"},{"name":"shoudiangong2","stage":"EXTERIOR","mirror":true,"skip_rendering_if_too_far":false,"door_offset":"NONE","render_condition":"ALL","positions":[[0.0,-120.0]],"whitelisted_cars":"4","blacklisted_cars":"%1"},{"name":"bogie","stage":"EXTERIOR","mirror":false,"skip_rendering_if_too_far":false,"door_offset":"NONE","render_condition":"ALL","positions":[[0.0,170.0]],"whitelisted_cars":"-1","blacklisted_cars":"%1"},{"name":"bogie","stage":"EXTERIOR","mirror":false,"skip_rendering_if_too_far":false,"door_offset":"NONE","render_condition":"ALL","positions":[[0.0,-170.0]],"whitelisted_cars":"1","blacklisted_cars":"%1"},{"name":"bogie","stage":"EXTERIOR","mirror":false,"skip_rendering_if_too_far":false,"door_offset":"NONE","render_condition":"ALL","positions":[[0.0,140.0]],"whitelisted_cars":"%1","blacklisted_cars":"-1"},{"name":"bogie","stage":"EXTERIOR","mirror":false,"skip_rendering_if_too_far":false,"door_offset":"NONE","render_condition":"ALL","positions":[[0.0,-140.0]],"whitelisted_cars":"%1","blacklisted_cars":"1"},{"name":"character","stage":"EXTERIOR","mirror":false,"skip_rendering_if_too_far":false,"door_offset":"NONE","render_condition":"ALL","positions":[[0.0,-196.0]],"whitelisted_cars":"1","blacklisted_cars":"%1"},{"name":"character","stage":"EXTERIOR","mirror":true,"skip_rendering_if_too_far":false,"door_offset":"NONE","render_condition":"ALL","positions":[[0.0,196.0]],"whitelisted_cars":"-1","blacklisted_cars":"%1"}],"transport_mode":"TRAIN","length":24,"width":2}