{
	"custom_trains": {
	  "apm_100_red": {
		"base_train_type": "base_11_2",
		"color": "FF0000",
		"texture_id": "mtr:custom_directory/apm_100_red",
		"speed_sound_count": 48,
		"speed_sound_base_id": "cx100",
		"door_sound_base_id": "cx100",
		"has_gangway_connection": false,
		"model": "mtr:custom_directory/apm_100.bbmodel",
		"model_properties": "mtr:custom_directory/apm_100.json",
		"name": "APM 100 Red (TPA)"
	  },
	  "apm_100_blue": {
		"base_train_type": "base_11_2",
		"color": "00FFFF",
		"texture_id": "mtr:custom_directory/apm_100_blue",
		"speed_sound_count": 48,
		"speed_sound_base_id": "cx100",
		"door_sound_base_id": "cx100",
		"has_gangway_connection": false,
		"model": "mtr:custom_directory/apm_100.bbmodel",
		"model_properties": "mtr:custom_directory/apm_100.json",
		"name": "APM 100 Blue (TPA)"
	  },
	  
	  "jsz0a": {
		"base_train_type": "base_9_2",
		"color": "3CEBC2",
		"texture_id": "mtr:z0a/z0a.png",
		"door_sound_base_id": "u12",
		"has_gangway_connection": false,
		"model": "mtr:z0a/z0a.bbmodel",
		"model_properties": "mtr:z0a/z0a.json",
		"name": "§lYutong U12 §7standard"
	  },
	  "jsz0alhd": {
		"base_train_type": "base_9_2",
		"color": "3CEBC2",
		"texture_id": "mtr:z0a/z0alhd.png",
		"door_sound_base_id": "u12",
		"has_gangway_connection": false,
		"model": "mtr:z0a/z0alhd.bbmodel",
		"model_properties": "mtr:z0a/z0alhd.json",
		"name": "§lYutong U12 §7LHD standard"
	  },
	  "jsz0a_lower": {
		"base_train_type": "base_9_2",
		"color": "3CEBC2",
		"texture_id": "mtr:z0a/z0a.png",
		"door_sound_base_id": "u12",
		"has_gangway_connection": false,
		"model": "mtr:z0a/z0a_low.bbmodel",
		"model_properties": "mtr:z0a/z0a.json",
		"name": "§lYutong U12 §7OnRail"
	  },
	  "jsz0alhd_lower": {
		"base_train_type": "base_9_2",
		"color": "3CEBC2",
		"texture_id": "mtr:z0a/z0alhd.png",
		"door_sound_base_id": "u12",
		"has_gangway_connection": false,
		"model": "mtr:z0a/z0alhd_low.bbmodel",
		"model_properties": "mtr:z0a/z0alhd.json",
		"name": "§lYutong U12 §7LHD OnRail"
	  },
	  "jsz0a_ghost": {
		"base_train_type": "base_9_2",
		"color": "3CEBC2",
		"texture_id": "mtr:z0a/z0a_ghost.png",
		"door_sound_base_id": "ghost",
		"has_gangway_connection": false,
		"model": "mtr:z0a/z0a_ghost.bbmodel",
		"model_properties": "mtr:z0a/z0a.json",
		"name": "§lYutong U12 §uGhostbus :)"
	  },

		"sebluestripe_377": {
			"name": "British Rail Class 377 SouthEastern (Dark Blue stripe w/Light Blue doors)",
			"color": "8BA9E3",
			"base_train_type": "class_377_southern",
			"texture_id": "mtr:southeastern/class_377_southeasterndarkbluestripe.png"
		},
		"seyellowstripe_377": {
			"name": "British Rail Class 377 SouthEastern (Yellow stripe w/Yellow doors)",
			"color": "8BA9E3",
			"base_train_type": "class_377_southern",
			"texture_id": "mtr:southeastern/class_377_southeasternwhiteyellowstripe.png"
		},
		"seyellowdoor_377": {
			"name": "British Rail Class 377 SouthEastern (No stripe w/Yellow doors)",
			"color": "8BA9E3",
			"base_train_type": "class_377_southern",
			"texture_id": "mtr:southeastern/class_377_southeasternwhiteyellow.png"
		},
		"sebluedoor_377": {
			"name": "British Rail Class 377 SouthEastern (No stripe w/Light Blue doors)",
			"color": "8BA9E3",
			"base_train_type": "class_377_southern",
			"texture_id": "mtr:southeastern/class_377_southeasternlightblue.png"
		},
		"seroyaltunbridgewells_377": {
			"name": "British Rail Class 377 SouthEastern (Royal Tunbridge Wells [one-off special livery])",
			"color": "8BA9E3",
			"base_train_type": "class_377_southern",
			"texture_id": "mtr:southeastern/class_377_southeasterntonbridge.png"
		},
	  
		"yongin_everline": {
		"name": "INNOVIA MARK 2 Yongin everline livery",
		"description": "INNOVIA MARK 2 Yongin everline",
		"wikipedia_article": "",
		"color": "56AD2D",
		"has_gangway_connection": false,
		"train_barrier_id": "",
		"door_animation_type": "PLUG_FAST",
		"render_door_overlay": false,
		"rider_offset": 0.2,
		"texture_id": "mtr:yongin_everline/yongin_everline",
		"model": "mtr:yongin_everline/everline.obj",
		"model_properties": "mtr:yongin_everline/yongin_everline.json",
		"speed_sound_count": 115,
		"door_sound_base_id": "m_train",
		"speed_sound_base_id": "mlr"
	  },
	  "airtrain_jfk": {
		"name": "INNOVIA MARK 2 Airtrain JFK livery",
		"description": "INNOVIA MARK 2 Airtrain JFK",
		"wikipedia_article": "",
		"color": "b1b1b1",
		"has_gangway_connection": false,
		"train_barrier_id": "",
		"door_animation_type": "PLUG_FAST",
		"render_door_overlay": false,
		"rider_offset": 0.2,
		"texture_id": "mtr:yongin_everline/yongin_everline",
		"model": "mtr:yongin_everline/airtrain.obj",
		"model_properties": "mtr:yongin_everline/yongin_everline.json",
		"speed_sound_count": 115,
		"door_sound_base_id": "m_train",
		"speed_sound_base_id": "mlr"
	  },
	
		"sbs_transit_c951": {
			"name": "SBS Transit C951",
			"color": "252F86",
			"base_train_type": "a_train_tcl_small",
			"texture_id": "mtr:textures/a_train_c951.png"
 
		},

		"sbs_transit_c951_mini": {
			"name": "SBS Transit C951 Mini",
			"color": "252F86",
			"base_train_type": "a_train_tcl_mini",
			"texture_id": "mtr:textures/a_train_c951.png" 
		},
		"smrt_trains_c851e_ccl": {
			"name": "WTA S100 Liyue Region Line",
			"color": "FE9900",
			"base_train_type": "a_train_tcl_small",
			"texture_id": "mtr:textures/s100.png"
 
		},

		"smrt_trains_c851e_ccl_mini": {
			"name": "WTA S100 Liyue Region Line Mini",
			"color": "FE9900",
			"base_train_type": "a_train_tcl_mini",
			"texture_id": "mtr:textures/s100.png" 
		},

        "sbs_transit_c851e_nel": {
			"name": "SBS Transit C851E North East Line",
			"color": "873F93",
			"base_train_type": "a_train_tcl_small",
			"texture_id": "mtr:textures/a_train_c851e_nel.png"
 
		},

		"sbs_transit_c851e_nel_mini": {
			"name": "SBS Transit C851E North East Line Mini",
			"color": "873F93",
			"base_train_type": "a_train_tcl_mini",
			"texture_id": "mtr:textures/a_train_c851e_nel.png" 
		},
		"smrt_trains_c151": {
			"name": "SMRT Trains C151",
			"color": "E22726",
			"base_train_type": "m_train_small",
			"texture_id": "mtr:textures/m_train_c151.png" 
		},

        "smrt_trains_c651": {
			"name": "SMRT Trains C651",
			"color": "E22726",
			"base_train_type": "m_train_small",
			"texture_id": "mtr:textures/m_train_c651.png" 
		},

        "smrt_trains_c651_refurbished": {
			"name": "SMRT Trains C651 Refurbished",
			"color": "E22726",
			"base_train_type": "m_train_small",
			"texture_id": "mtr:textures/m_train_c651_refurbished.png" 
		},

        "smrt_trains_c151_mini": {
			"name": "SMRT Trains C151 Mini",
			"color": "E22726",
			"base_train_type": "m_train_mini",
			"texture_id": "mtr:textures/m_train_c151.png" 
		},

        "smrt_trains_c651_mini": {
			"name": "SMRT Trains C651 Mini",
			"color": "E22726",
			"base_train_type": "m_train_mini",
			"texture_id": "mtr:textures/m_train_c651.png" 
		},

        "smrt_trains_c651_refurbished_mini": {
			"name": "SMRT Trains C651 Refurbished Mini",
			"color": "E22726",
			"base_train_type": "m_train_mini",
			"texture_id": "mtr:textures/m_train_c651_refurbished.png" 
		},
		"smrt_trains_r151": {
			"name": "SMRT Trains R151",
			"color": "E22726",
			"base_train_type": "k_train_small",
			"texture_id": "mtr:textures/k_train_r151.png"
 
		},

		"smrt_trains_r151_mini": {
			"name": "SMRT Trains R151 Mini",
			"color": "E22726",
			"base_train_type": "k_train_mini",
			"texture_id": "mtr:textures/k_train_r151.png"
 
		},
		"wta_s200": {
			"name": "WTA S200 Line 5/6",
			"color": "E22726",
			"base_train_type": "k_train_small",
			"texture_id": "mtr:textures/s200.png"
 
		},

		"wta_s200_mini": {
			"name": "WTA S200 Line 5/6 Mini",
			"color": "E22726",
			"base_train_type": "k_train_mini",
			"texture_id": "mtr:textures/s200.png"
 
		}
	},
	"custom_signs": {
	  "wta_black": {
		"texture_id": "mtr:signs/wta_black_1.png"
	  },
	  "international_hsr": {
		"texture_id": "mtr:signs/international_1.png"
	  },
	  "local_hsr": {
		"texture_id": "mtr:signs/local_1.png"
	  },
	  "wta_black_2": {
		"texture_id": "mtr:signs/wta_black_2.png"
	  },
	  "international_hsr_2": {
		"texture_id": "mtr:signs/international_2.png"
	  },
	  "local_hsr_2": {
		"texture_id": "mtr:signs/local_2.png"
	  },
	  "acs":{
		"texture_id": "mtr:signs/acs.png"
	  },
	  "acsa":{
		"texture_id": "mtr:signs/acs.png",
		"custom_text" : "ACS (Acacia)|英华学校 (金合欢)"
	  },
	  "janet1": {
		"texture_id": "mtr:signs/janet1.png"
	  },
	  "janet2": {
		"texture_id": "mtr:signs/janet2.png"
	  },
	  "shrimp1": {
		"texture_id": "mtr:signs/shrimp1.png"
	  },
	  "shrimp2": {
		"texture_id": "mtr:signs/shrimp2.png"
	  },
	  "black": {
		"texture_id": "mtr:signs/black.png"
	  },
	  "construction": {
		"texture_id": "mtr:signs/construction.png"
	  },
	  "repair": {
		"texture_id": "mtr:signs/construction.png",
		"custom_text": "Under Construction/Repair|正在建设/维修"
	  },
	  "monorail_1": {
			"texture_id": "mtr:sign/white.png",
			"flip_texture": false,
			"custom_text": "列车|Trains",
			"flip_custom_text": false,
			"small": true
		},
		"monorail_2": {
			"texture_id": "mtr:sign/white.png",
			"flip_texture": false,
			"custom_text": "列车|Trains",
			"flip_custom_text": true,
			"small": true
		},
		"monorail_3": {
			"texture_id": "mtr:sign/white.png",
			"flip_texture": false,
			"small": true
		},
		"monorail_4": {
			"texture_id": "mtr:sign/black.png",
			"flip_texture": false,
			"small": true
		}
	}
  }