{
	"kyotostation": {
		"sounds":[
			{
				"name": "mtr:sounds/kyoto",
				"pitch": 1,
				"attenuation_distance": 48
		}
		]
	},
	"cx100_door_open": {
		"sounds": [
			{
				"name": "mtr:cx100/door_open",
				"pitch": 1
			}
		]
	},
	"cx100_door_close": {
		"sounds": [
			{
				"name": "mtr:cx100/door_close",
				"pitch": 1
			}
		]
	},
	"cx100_acceleration_0a": {
		"sounds": [
			{
				"name": "mtr:cx100/acceleration/speed_0a",
				"pitch": 1,
				"attenuation_distance": 32
			}
		]
	},
	"cx100_acceleration_1a": {
		"sounds": [
			{
				"name": "mtr:cx100/acceleration/speed_1a",
				"pitch": 1,
				"attenuation_distance": 32
			}
		]
	},
	"cx100_acceleration_2a": {
		"sounds": [
			{
				"name": "mtr:cx100/acceleration/speed_2a",
				"pitch": 1,
				"attenuation_distance": 32
			}
		]
	},
	"cx100_acceleration_3a": {
		"sounds": [
			{
				"name": "mtr:cx100/acceleration/speed_3a",
				"pitch": 1,
				"attenuation_distance": 32
			}
		]
	},
	"cx100_acceleration_4a": {
		"sounds": [
			{
				"name": "mtr:cx100/acceleration/speed_4a",
				"pitch": 1,
				"attenuation_distance": 32
			}
		]
	},
	"cx100_acceleration_5a": {
		"sounds": [
			{
				"name": "mtr:cx100/acceleration/speed_5a",
				"pitch": 1,
				"attenuation_distance": 32
			}
		]
	},
	"cx100_acceleration_6a": {
		"sounds": [
			{
				"name": "mtr:cx100/acceleration/speed_6a",
				"pitch": 1,
				"attenuation_distance": 32
			}
		]
	},
	"cx100_acceleration_7a": {
		"sounds": [
			{
				"name": "mtr:cx100/acceleration/speed_7a",
				"pitch": 1,
				"attenuation_distance": 32
			}
		]
	},
	"cx100_acceleration_8a": {
		"sounds": [
			{
				"name": "mtr:cx100/acceleration/speed_8a",
				"pitch": 1,
				"attenuation_distance": 32
			}
		]
	},
	"cx100_acceleration_9a": {
		"sounds": [
			{
				"name": "mtr:cx100/acceleration/speed_9a",
				"pitch": 1,
				"attenuation_distance": 32
			}
		]
	},
	"cx100_acceleration_10a": {
		"sounds": [
			{
				"name": "mtr:cx100/acceleration/speed_10a",
				"pitch": 1,
				"attenuation_distance": 32
			}
		]
	},
	"cx100_acceleration_11a": {
		"sounds": [
			{
				"name": "mtr:cx100/acceleration/speed_11a",
				"pitch": 1,
				"attenuation_distance": 32
			}
		]
	},
	"cx100_acceleration_12a": {
		"sounds": [
			{
				"name": "mtr:cx100/acceleration/speed_12a",
				"pitch": 1,
				"attenuation_distance": 32
			}
		]
	},
	"cx100_acceleration_13a": {
		"sounds": [
			{
				"name": "mtr:cx100/acceleration/speed_13a",
				"pitch": 1,
				"attenuation_distance": 32
			}
		]
	},
	"cx100_acceleration_14a": {
		"sounds": [
			{
				"name": "mtr:cx100/acceleration/speed_14a",
				"pitch": 1,
				"attenuation_distance": 32
			}
		]
	},
	"cx100_acceleration_15a": {
		"sounds": [
			{
				"name": "mtr:cx100/acceleration/speed_15a",
				"pitch": 1,
				"attenuation_distance": 32
			}
		]
	},
	"cx100_acceleration_0b": {
		"sounds": [
			{
				"name": "mtr:cx100/acceleration/speed_0b",
				"pitch": 1,
				"attenuation_distance": 32
			}
		]
	},
	"cx100_acceleration_1b": {
		"sounds": [
			{
				"name": "mtr:cx100/acceleration/speed_1b",
				"pitch": 1,
				"attenuation_distance": 32
			}
		]
	},
	"cx100_acceleration_2b": {
		"sounds": [
			{
				"name": "mtr:cx100/acceleration/speed_2b",
				"pitch": 1,
				"attenuation_distance": 32
			}
		]
	},
	"cx100_acceleration_3b": {
		"sounds": [
			{
				"name": "mtr:cx100/acceleration/speed_3b",
				"pitch": 1,
				"attenuation_distance": 32
			}
		]
	},
	"cx100_acceleration_4b": {
		"sounds": [
			{
				"name": "mtr:cx100/acceleration/speed_4b",
				"pitch": 1,
				"attenuation_distance": 32
			}
		]
	},
	"cx100_acceleration_5b": {
		"sounds": [
			{
				"name": "mtr:cx100/acceleration/speed_5b",
				"pitch": 1,
				"attenuation_distance": 32
			}
		]
	},
	"cx100_acceleration_6b": {
		"sounds": [
			{
				"name": "mtr:cx100/acceleration/speed_6b",
				"pitch": 1,
				"attenuation_distance": 32
			}
		]
	},
	"cx100_acceleration_7b": {
		"sounds": [
			{
				"name": "mtr:cx100/acceleration/speed_7b",
				"pitch": 1,
				"attenuation_distance": 32
			}
		]
	},
	"cx100_acceleration_8b": {
		"sounds": [
			{
				"name": "mtr:cx100/acceleration/speed_8b",
				"pitch": 1,
				"attenuation_distance": 32
			}
		]
	},
	"cx100_acceleration_9b": {
		"sounds": [
			{
				"name": "mtr:cx100/acceleration/speed_9b",
				"pitch": 1,
				"attenuation_distance": 32
			}
		]
	},
	"cx100_acceleration_10b": {
		"sounds": [
			{
				"name": "mtr:cx100/acceleration/speed_10b",
				"pitch": 1,
				"attenuation_distance": 32
			}
		]
	},
	"cx100_acceleration_11b": {
		"sounds": [
			{
				"name": "mtr:cx100/acceleration/speed_11b",
				"pitch": 1,
				"attenuation_distance": 32
			}
		]
	},
	"cx100_acceleration_12b": {
		"sounds": [
			{
				"name": "mtr:cx100/acceleration/speed_12b",
				"pitch": 1,
				"attenuation_distance": 32
			}
		]
	},
	"cx100_acceleration_13b": {
		"sounds": [
			{
				"name": "mtr:cx100/acceleration/speed_13b",
				"pitch": 1,
				"attenuation_distance": 32
			}
		]
	},
	"cx100_acceleration_14b": {
		"sounds": [
			{
				"name": "mtr:cx100/acceleration/speed_14b",
				"pitch": 1,
				"attenuation_distance": 32
			}
		]
	},
	"cx100_acceleration_15b": {
		"sounds": [
			{
				"name": "mtr:cx100/acceleration/speed_15b",
				"pitch": 1,
				"attenuation_distance": 32
			}
		]
	},
	"cx100_acceleration_0c": {
		"sounds": [
			{
				"name": "mtr:cx100/acceleration/speed_0c",
				"pitch": 1,
				"attenuation_distance": 32
			}
		]
	},
	"cx100_acceleration_1c": {
		"sounds": [
			{
				"name": "mtr:cx100/acceleration/speed_1c",
				"pitch": 1,
				"attenuation_distance": 32
			}
		]
	},
	"cx100_acceleration_2c": {
		"sounds": [
			{
				"name": "mtr:cx100/acceleration/speed_2c",
				"pitch": 1,
				"attenuation_distance": 32
			}
		]
	},
	"cx100_acceleration_3c": {
		"sounds": [
			{
				"name": "mtr:cx100/acceleration/speed_3c",
				"pitch": 1,
				"attenuation_distance": 32
			}
		]
	},
	"cx100_acceleration_4c": {
		"sounds": [
			{
				"name": "mtr:cx100/acceleration/speed_4c",
				"pitch": 1,
				"attenuation_distance": 32
			}
		]
	},
	"cx100_acceleration_5c": {
		"sounds": [
			{
				"name": "mtr:cx100/acceleration/speed_5c",
				"pitch": 1,
				"attenuation_distance": 32
			}
		]
	},
	"cx100_acceleration_6c": {
		"sounds": [
			{
				"name": "mtr:cx100/acceleration/speed_6c",
				"pitch": 1,
				"attenuation_distance": 32
			}
		]
	},
	"cx100_acceleration_7c": {
		"sounds": [
			{
				"name": "mtr:cx100/acceleration/speed_7c",
				"pitch": 1,
				"attenuation_distance": 32
			}
		]
	},
	"cx100_acceleration_8c": {
		"sounds": [
			{
				"name": "mtr:cx100/acceleration/speed_8c",
				"pitch": 1,
				"attenuation_distance": 32
			}
		]
	},
	"cx100_acceleration_9c": {
		"sounds": [
			{
				"name": "mtr:cx100/acceleration/speed_9c",
				"pitch": 1,
				"attenuation_distance": 32
			}
		]
	},
	"cx100_acceleration_10c": {
		"sounds": [
			{
				"name": "mtr:cx100/acceleration/speed_10c",
				"pitch": 1,
				"attenuation_distance": 32
			}
		]
	},
	"cx100_acceleration_11c": {
		"sounds": [
			{
				"name": "mtr:cx100/acceleration/speed_11c",
				"pitch": 1,
				"attenuation_distance": 32
			}
		]
	},
	"cx100_acceleration_12c": {
		"sounds": [
			{
				"name": "mtr:cx100/acceleration/speed_12c",
				"pitch": 1,
				"attenuation_distance": 32
			}
		]
	},
	"cx100_acceleration_13c": {
		"sounds": [
			{
				"name": "mtr:cx100/acceleration/speed_13c",
				"pitch": 1,
				"attenuation_distance": 32
			}
		]
	},
	"cx100_acceleration_14c": {
		"sounds": [
			{
				"name": "mtr:cx100/acceleration/speed_14c",
				"pitch": 1,
				"attenuation_distance": 32
			}
		]
	},
	"cx100_acceleration_15c": {
		"sounds": [
			{
				"name": "mtr:cx100/acceleration/speed_15c",
				"pitch": 1,
				"attenuation_distance": 32
			}
		]
	},
	"cx100_deceleration_0a": {
		"sounds": [
			{
				"name": "mtr:cx100/deceleration/speed_0a",
				"pitch": 1,
				"attenuation_distance": 32
			}
		]
	},
	"cx100_deceleration_1a": {
		"sounds": [
			{
				"name": "mtr:cx100/deceleration/speed_1a",
				"pitch": 1,
				"attenuation_distance": 32
			}
		]
	},
	"cx100_deceleration_2a": {
		"sounds": [
			{
				"name": "mtr:cx100/deceleration/speed_2a",
				"pitch": 1,
				"attenuation_distance": 32
			}
		]
	},
	"cx100_deceleration_3a": {
		"sounds": [
			{
				"name": "mtr:cx100/deceleration/speed_3a",
				"pitch": 1,
				"attenuation_distance": 32
			}
		]
	},
	"cx100_deceleration_4a": {
		"sounds": [
			{
				"name": "mtr:cx100/deceleration/speed_4a",
				"pitch": 1,
				"attenuation_distance": 32
			}
		]
	},
	"cx100_deceleration_5a": {
		"sounds": [
			{
				"name": "mtr:cx100/deceleration/speed_5a",
				"pitch": 1,
				"attenuation_distance": 32
			}
		]
	},
	"cx100_deceleration_6a": {
		"sounds": [
			{
				"name": "mtr:cx100/deceleration/speed_6a",
				"pitch": 1,
				"attenuation_distance": 32
			}
		]
	},
	"cx100_deceleration_7a": {
		"sounds": [
			{
				"name": "mtr:cx100/deceleration/speed_7a",
				"pitch": 1,
				"attenuation_distance": 32
			}
		]
	},
	"cx100_deceleration_8a": {
		"sounds": [
			{
				"name": "mtr:cx100/deceleration/speed_8a",
				"pitch": 1,
				"attenuation_distance": 32
			}
		]
	},
	"cx100_deceleration_9a": {
		"sounds": [
			{
				"name": "mtr:cx100/deceleration/speed_9a",
				"pitch": 1,
				"attenuation_distance": 32
			}
		]
	},
	"cx100_deceleration_10a": {
		"sounds": [
			{
				"name": "mtr:cx100/deceleration/speed_10a",
				"pitch": 1,
				"attenuation_distance": 32
			}
		]
	},
	"cx100_deceleration_11a": {
		"sounds": [
			{
				"name": "mtr:cx100/deceleration/speed_11a",
				"pitch": 1,
				"attenuation_distance": 32
			}
		]
	},
	"cx100_deceleration_12a": {
		"sounds": [
			{
				"name": "mtr:cx100/deceleration/speed_12a",
				"pitch": 1,
				"attenuation_distance": 32
			}
		]
	},
	"cx100_deceleration_13a": {
		"sounds": [
			{
				"name": "mtr:cx100/deceleration/speed_13a",
				"pitch": 1,
				"attenuation_distance": 32
			}
		]
	},
	"cx100_deceleration_14a": {
		"sounds": [
			{
				"name": "mtr:cx100/deceleration/speed_14a",
				"pitch": 1,
				"attenuation_distance": 32
			}
		]
	},
	"cx100_deceleration_15a": {
		"sounds": [
			{
				"name": "mtr:cx100/deceleration/speed_15a",
				"pitch": 1,
				"attenuation_distance": 32
			}
		]
	},
	"cx100_deceleration_0b": {
		"sounds": [
			{
				"name": "mtr:cx100/deceleration/speed_0b",
				"pitch": 1,
				"attenuation_distance": 32
			}
		]
	},
	"cx100_deceleration_1b": {
		"sounds": [
			{
				"name": "mtr:cx100/deceleration/speed_1b",
				"pitch": 1,
				"attenuation_distance": 32
			}
		]
	},
	"cx100_deceleration_2b": {
		"sounds": [
			{
				"name": "mtr:cx100/deceleration/speed_2b",
				"pitch": 1,
				"attenuation_distance": 32
			}
		]
	},
	"cx100_deceleration_3b": {
		"sounds": [
			{
				"name": "mtr:cx100/deceleration/speed_3b",
				"pitch": 1,
				"attenuation_distance": 32
			}
		]
	},
	"cx100_deceleration_4b": {
		"sounds": [
			{
				"name": "mtr:cx100/deceleration/speed_4b",
				"pitch": 1,
				"attenuation_distance": 32
			}
		]
	},
	"cx100_deceleration_5b": {
		"sounds": [
			{
				"name": "mtr:cx100/deceleration/speed_5b",
				"pitch": 1,
				"attenuation_distance": 32
			}
		]
	},
	"cx100_deceleration_6b": {
		"sounds": [
			{
				"name": "mtr:cx100/deceleration/speed_6b",
				"pitch": 1,
				"attenuation_distance": 32
			}
		]
	},
	"cx100_deceleration_7b": {
		"sounds": [
			{
				"name": "mtr:cx100/deceleration/speed_7b",
				"pitch": 1,
				"attenuation_distance": 32
			}
		]
	},
	"cx100_deceleration_8b": {
		"sounds": [
			{
				"name": "mtr:cx100/deceleration/speed_8b",
				"pitch": 1,
				"attenuation_distance": 32
			}
		]
	},
	"cx100_deceleration_9b": {
		"sounds": [
			{
				"name": "mtr:cx100/deceleration/speed_9b",
				"pitch": 1,
				"attenuation_distance": 32
			}
		]
	},
	"cx100_deceleration_10b": {
		"sounds": [
			{
				"name": "mtr:cx100/deceleration/speed_10b",
				"pitch": 1,
				"attenuation_distance": 32
			}
		]
	},
	"cx100_deceleration_11b": {
		"sounds": [
			{
				"name": "mtr:cx100/deceleration/speed_11b",
				"pitch": 1,
				"attenuation_distance": 32
			}
		]
	},
	"cx100_deceleration_12b": {
		"sounds": [
			{
				"name": "mtr:cx100/deceleration/speed_12b",
				"pitch": 1,
				"attenuation_distance": 32
			}
		]
	},
	"cx100_deceleration_13b": {
		"sounds": [
			{
				"name": "mtr:cx100/deceleration/speed_13b",
				"pitch": 1,
				"attenuation_distance": 32
			}
		]
	},
	"cx100_deceleration_14b": {
		"sounds": [
			{
				"name": "mtr:cx100/deceleration/speed_14b",
				"pitch": 1,
				"attenuation_distance": 32
			}
		]
	},
	"cx100_deceleration_15b": {
		"sounds": [
			{
				"name": "mtr:cx100/deceleration/speed_15b",
				"pitch": 1,
				"attenuation_distance": 32
			}
		]
	},
	"cx100_deceleration_0c": {
		"sounds": [
			{
				"name": "mtr:cx100/deceleration/speed_0c",
				"pitch": 1,
				"attenuation_distance": 32
			}
		]
	},
	"cx100_deceleration_1c": {
		"sounds": [
			{
				"name": "mtr:cx100/deceleration/speed_1c",
				"pitch": 1,
				"attenuation_distance": 32
			}
		]
	},
	"cx100_deceleration_2c": {
		"sounds": [
			{
				"name": "mtr:cx100/deceleration/speed_2c",
				"pitch": 1,
				"attenuation_distance": 32
			}
		]
	},
	"cx100_deceleration_3c": {
		"sounds": [
			{
				"name": "mtr:cx100/deceleration/speed_3c",
				"pitch": 1,
				"attenuation_distance": 32
			}
		]
	},
	"cx100_deceleration_4c": {
		"sounds": [
			{
				"name": "mtr:cx100/deceleration/speed_4c",
				"pitch": 1,
				"attenuation_distance": 32
			}
		]
	},
	"cx100_deceleration_5c": {
		"sounds": [
			{
				"name": "mtr:cx100/deceleration/speed_5c",
				"pitch": 1,
				"attenuation_distance": 32
			}
		]
	},
	"cx100_deceleration_6c": {
		"sounds": [
			{
				"name": "mtr:cx100/deceleration/speed_6c",
				"pitch": 1,
				"attenuation_distance": 32
			}
		]
	},
	"cx100_deceleration_7c": {
		"sounds": [
			{
				"name": "mtr:cx100/deceleration/speed_7c",
				"pitch": 1,
				"attenuation_distance": 32
			}
		]
	},
	"cx100_deceleration_8c": {
		"sounds": [
			{
				"name": "mtr:cx100/deceleration/speed_8c",
				"pitch": 1,
				"attenuation_distance": 32
			}
		]
	},
	"cx100_deceleration_9c": {
		"sounds": [
			{
				"name": "mtr:cx100/deceleration/speed_9c",
				"pitch": 1,
				"attenuation_distance": 32
			}
		]
	},
	"cx100_deceleration_10c": {
		"sounds": [
			{
				"name": "mtr:cx100/deceleration/speed_10c",
				"pitch": 1,
				"attenuation_distance": 32
			}
		]
	},
	"cx100_deceleration_11c": {
		"sounds": [
			{
				"name": "mtr:cx100/deceleration/speed_11c",
				"pitch": 1,
				"attenuation_distance": 32
			}
		]
	},
	"cx100_deceleration_12c": {
		"sounds": [
			{
				"name": "mtr:cx100/deceleration/speed_12c",
				"pitch": 1,
				"attenuation_distance": 32
			}
		]
	},
	"cx100_deceleration_13c": {
		"sounds": [
			{
				"name": "mtr:cx100/deceleration/speed_13c",
				"pitch": 1,
				"attenuation_distance": 32
			}
		]
	},
	"cx100_deceleration_14c": {
		"sounds": [
			{
				"name": "mtr:cx100/deceleration/speed_14c",
				"pitch": 1,
				"attenuation_distance": 32
			}
		]
	},
	"cx100_deceleration_15c": {
		"sounds": [
			{
				"name": "mtr:cx100/deceleration/speed_15c",
				"pitch": 1,
				"attenuation_distance": 32
			}
		]
	},
	"u12_door_open": {
		"sounds": [
			{
				"name": "mtr:doors/door_open",
				"pitch": 1.2,
				"attenuation_distance": 32
			}
		]
	},
	"u12_door_close": {
		"sounds": [
			{
				"name": "mtr:doors/door_close",
				"pitch": 1.2,
				"attenuation_distance": 32
			}
		]
	},
	"ghost_door_open": {
		"sounds": [
			{
				"name": "mtr:doors/ghost_open",
				"pitch": 1,
				"attenuation_distance": 32
			}
		]
	},
	"ghost_door_close": {
		"sounds": [
			{
				"name": "mtr:doors/ghost_close",
				"pitch": 1,
				"attenuation_distance": 32
			}
		]
	},
	"226_motor1": {
		"sounds": [
			{
				"name": "mtr:226/motor1",	
				"attenuation_distance": 32
			}
		]
	},
	"226_motor2": {
		"sounds": [
			{
				"name": "mtr:226/motor2",	
				"attenuation_distance": 32
			}
		]
	},
	"226_motor4": {
		"sounds": [
			{
				"name": "mtr:226/motor4",	
				"attenuation_distance": 32
			}
		]
	},
	"226_motor5": {
		"sounds": [
			{
				"name": "mtr:226/motor5",	
				"attenuation_distance": 32
			}
		]
	},
	"226_motor6": {
		"sounds": [
			{
				"name": "mtr:226/motor6",	
				"attenuation_distance": 32
			}
		]
	},
	"226_motor7": {
		"sounds": [
			{
				"name": "mtr:226/motor7",	
				"attenuation_distance": 32
			}
		]
	},
	"226_run0": {
		"sounds": [
			{
				"name": "mtr:226/run0",	
				"attenuation_distance": 32
			}
		]
	},
	"226_loop": {
		"sounds": [
			{
				"name": "mtr:226/loop",	
				"attenuation_distance": 32
			}
		]
	},
	"226_dooropn": {
		"sounds": [
			{
				"name": "mtr:226/dooropn",	
				"attenuation_distance": 32
			}
		]
	},
	"226_doorcls": {
		"sounds": [
			{
				"name": "mtr:226/doorcls",	
				"attenuation_distance": 32
			}
		]
	},"pinutrain10000series_door_close": {
		"sounds": [
			{
				"name": "mtr:pinutrain10000series/door_close",
				"attenuation_distance": 32,
				"pitch": 1
			}
		]
	},
	"pinutrain10000series_door_open": {
		"sounds": [
			{
				"name": "mtr:pinutrain10000series/door_open",
				"attenuation_distance": 32,
				"pitch": 1
			}
		]
	},
	"pinutrain20000series_door_close": {
		"sounds": [
			{
				"name": "mtr:pinutrain20000series/door_close",
				"attenuation_distance": 32,
				"pitch": 1
			}
		]
	},
	"pinutrain20000series_door_open": {
		"sounds": [
			{
				"name": "mtr:pinutrain20000series/door_open",
				"attenuation_distance": 32,
				"pitch": 1
			}
		]
	},
	"e131-500_door_close": {
		"sounds": [
			{
				"name": "mtr:e131_500/door_close",
				"attenuation_distance": 32,
				"pitch": 1
			}
		]
	},
	"e131-500_door_open": {
		"sounds": [
			{
				"name": "mtr:e131_500/door_open",
				"attenuation_distance": 32,
				"pitch": 1
			}
		]
	},
	"e233_0_door_close": {
		"sounds": [
			{
				"name": "mtr:e233_0/door_close",
				"attenuation_distance": 32,
				"pitch": 1
			}
		]
	},
	"e233_0_door_open": {
		"sounds": [
			{
				"name": "mtr:e233_0/door_open",
				"attenuation_distance": 32,
				"pitch": 1
			}
		]
	},
    "e233_0_0_door_close": {
		"sounds": [
			{
				"name": "mtr:e233_0_0/door_close",
				"attenuation_distance": 32,
				"pitch": 1
			}
		]
	},
	"e233_0_0_door_open": {
		"sounds": [
			{
				"name": "mtr:e233_0_0/door_open",
				"attenuation_distance": 32,
				"pitch": 1
			}
		]
	},
	"u12_door_open": {
		"sounds": [
			{
				"name": "mtr:doors/door_open",
				"pitch": 1.2,
				"attenuation_distance": 32
			}
		]
	},
	"u12_door_close": {
		"sounds": [
			{
				"name": "mtr:doors/door_close",
				"pitch": 1.2,
				"attenuation_distance": 32
			}
		]
	},
	"mct_i_door_close": {
		"sounds": [
			{
				"name": "mtr:mct_i/door_close",
				"attenuation_distance": 32,
				"pitch": 1
			}
		]
	},
	"mct_i_door_open": {
		"sounds": [
			{
				"name": "mtr:mct_i/door_open",
				"attenuation_distance": 32,
				"pitch": 1
			}
		]
	},
    "senboku5000a_door_close": {
		"sounds": [
			{
				"name": "mtr:senboku5000a/door_close",
				"attenuation_distance": 32,
				"pitch": 1
			}
		]
	},
	"senboku5000a_door_open": {
		"sounds": [
			{
				"name": "mtr:senboku5000a/door_open",
				"attenuation_distance": 32,
				"pitch": 1
			}
		]
	},
    "tx_door_close": {
		"sounds": [
			{
				"name": "mtr:tx/door_close",
				"attenuation_distance": 32,
				"pitch": 1
			}
		]
	},
	"tx_door_open": {
		"sounds": [
			{
				"name": "mtr:tx/door_open",
				"attenuation_distance": 32,
				"pitch": 1
			}
		]
	},
	"209_motor0": {
        "sounds": [
            {
                "name": "mtr:209/motor0",
                "attenuation_distance": 32
            }
        ]
    },
	"209_motor1": {
        "sounds": [
            {
                "name": "mtr:209/motor1",
                "attenuation_distance": 32
            }
        ]
    },
	"209_motor2": {
        "sounds": [
            {
                "name": "mtr:209/motor2",
                "attenuation_distance": 32
            }
        ]
    },
	"209_motor3": {
        "sounds": [
            {
                "name": "mtr:209/motor3",
                "attenuation_distance": 32
            }
        ]
    },
	"209_motor4": {
        "sounds": [
            {
                "name": "mtr:209/motor4",
                "attenuation_distance": 32
            }
        ]
    },
	"209_motor5": {
        "sounds": [
            {
                "name": "mtr:209/motor5",
                "attenuation_distance": 32
            }
        ]
    },
	"209_motor6": {
        "sounds": [
            {
                "name": "mtr:209/motor6",
                "attenuation_distance": 32
            }
        ]
    },
	"209_motor7": {
        "sounds": [
            {
                "name": "mtr:209/motor7",
                "attenuation_distance": 32
            }
        ]
    },
	"209_motor8": {
        "sounds": [
            {
                "name": "mtr:209/motor8",
                "attenuation_distance": 32
            }
        ]
    },
	"209_motor9": {
        "sounds": [
            {
                "name": "mtr:209/motor9",
                "attenuation_distance": 32
            }
        ]
    },
	"209_motor10": {
        "sounds": [
            {
                "name": "mtr:209/motor10",
                "attenuation_distance": 32
            }
        ]
    },
	"209_motor11": {
        "sounds": [
            {
                "name": "mtr:209/motor11",
                "attenuation_distance": 32
            }
        ]
    },
	"209_run0": {
        "sounds": [
            {
                "name": "mtr:209/run0",
                "attenuation_distance": 32
            }
        ]
    },
    "209_point":{
        "sounds": [
            {
                "name": "mtr:209/point",
                "attenuation_distance": 32
            }
        ]
    },
	"209_dooropen": {
        "sounds": [
            {
                "name": "mtr:209/dooropen",
                "attenuation_distance": 32
            }
        ]
    },
	"209_doorclose": {
        "sounds": [
            {
                "name": "mtr:209/doorclose",
                "attenuation_distance": 32
            }
        ]
    },
	"e231kinkou_motor0": {
        "sounds": [
            {
                "name": "mtr:e231kinkou/motor0",
                "attenuation_distance": 32
            }
        ]
    },
	"e231kinkou_motor1": {
        "sounds": [
            {
                "name": "mtr:e231kinkou/motor1",
                "attenuation_distance": 32
            }
        ]
    },
	"e231kinkou_motor2": {
        "sounds": [
            {
                "name": "mtr:e231kinkou/motor2",
                "attenuation_distance": 32
            }
        ]
    },
	"e231kinkou_motor3": {
        "sounds": [
            {
                "name": "mtr:e231kinkou/motor3",
                "attenuation_distance": 32
            }
        ]
    },
	"e231kinkou_motor4": {
        "sounds": [
            {
                "name": "mtr:e231kinkou/motor4",
                "attenuation_distance": 32
            }
        ]
    },
	"e231kinkou_motor5": {
        "sounds": [
            {
                "name": "mtr:e231kinkou/motor5",
                "attenuation_distance": 32
            }
        ]
    },
	"e231kinkou_motor6": {
        "sounds": [
            {
                "name": "mtr:e231kinkou/motor6",
                "attenuation_distance": 32
            }
        ]
    },
    "e231kinkou_run0":{
        "sounds": [
            {
                "name": "mtr:e231kinkou/run0",
                "attenuation_distance": 32
            }
        ]
    },
	"e231kinkou_point": {
        "sounds": [
            {
                "name": "mtr:e231kinkou/point",
                "attenuation_distance": 32
            }
        ]
    },
	"e231kinkou_dooropen": {
        "sounds": [
            {
                "name": "mtr:e231kinkou/dooropen",
                "attenuation_distance": 32
            }
        ]
    },
	"e231kinkou_doorclose": {
        "sounds": [
            {
                "name": "mtr:e231kinkou/doorclose",
                "attenuation_distance": 32
            }
        ]
    },
    "e235_motor0": {
        "sounds": [
            {
                "name": "mtr:e235/motor0",
                "attenuation_distance": 32
            }
        ]
    },
	"e235_motor1": {
        "sounds": [
            {
                "name": "mtr:e235/motor1",
                "attenuation_distance": 32
            }
        ]
    },
	"e235_motor2": {
        "sounds": [
            {
                "name": "mtr:e235/motor2",
                "attenuation_distance": 32
            }
        ]
    },
	"e235_motor3": {
        "sounds": [
            {
                "name": "mtr:e235/motor3",
                "attenuation_distance": 32
            }
        ]
    },
	"e235_motor4": {
        "sounds": [
            {
                "name": "mtr:e235/motor4",
                "attenuation_distance": 32
            }
        ]
    },
    "e235_point": {
        "sounds": [
            {
                "name": "mtr:e235/point",
                "attenuation_distance": 32
            }
        ]
    },
	"e235_dooropen": {
        "sounds": [
            {
                "name": "mtr:e235/dooropen",
                "attenuation_distance": 32
            }
        ]
    },
	"e235_doorclose": {
        "sounds": [
            {
                "name": "mtr:e235/doorclose",
                "attenuation_distance": 32
            }
        ]
    },
    "10_300_motor0": {
        "sounds": [
            {
                "name": "mtr:10_300/motor0",
                "attenuation_distance": 32
            }
        ]
    },
	"10_300_motor1": {
        "sounds": [
            {
                "name": "mtr:209/motor1",
                "attenuation_distance": 32
            }
        ]
    },
	"10_300_motor2": {
        "sounds": [
            {
                "name": "mtr:10_300/motor2",
                "attenuation_distance": 32
            }
        ]
    },
	"10_300_motor3": {
        "sounds": [
            {
                "name": "mtr:10_300/motor3",
                "attenuation_distance": 32
            }
        ]
    },
	"10_300_motor4": {
        "sounds": [
            {
                "name": "mtr:10_300/motor4",
                "attenuation_distance": 32
            }
        ]
    },
	"10_300_motor5": {
        "sounds": [
            {
                "name": "mtr:10_300/motor5",
                "attenuation_distance": 32
            }
        ]
    },
	"10_300_motor6": {
        "sounds": [
            {
                "name": "mtr:10_300/motor6",
                "attenuation_distance": 32
            }
        ]
    },
	"10_300_motor7": {
        "sounds": [
            {
                "name": "mtr:10_300/motor7",
                "attenuation_distance": 32
            }
        ]
    },
	"10_300_motor8": {
        "sounds": [
            {
                "name": "mtr:10_300/motor8",
                "attenuation_distance": 32
            }
        ]
    },
	"10_300_motor9": {
        "sounds": [
            {
                "name": "mtr:10_300/motor9",
                "attenuation_distance": 32
            }
        ]
    },
	"10_300_motor10": {
        "sounds": [
            {
                "name": "mtr:10_300/motor10",
                "attenuation_distance": 32
            }
        ]
    },
	"10_300_run0": {
        "sounds": [
            {
                "name": "mtr:10_300/run0",
                "attenuation_distance": 32
            }
        ]
    },
    "10_300_point":{
        "sounds": [
            {
                "name": "mtr:10_300/point",
                "attenuation_distance": 32
            }
        ]
    },
	"10_300_dooropen": {
        "sounds": [
            {
                "name": "mtr:10_300/dooropen",
                "attenuation_distance": 32
            }
        ]
    },
	"10_300_doorclose": {
        "sounds": [
            {
                "name": "mtr:10_300/doorclose",
                "attenuation_distance": 32
            }
        ]
    },
    "2000_motor0": {
        "sounds": [
            {
                "name": "mtr:2000/motor0",
                "attenuation_distance": 32
            }
        ]
    },
	"2000_motor1": {
        "sounds": [
            {
                "name": "mtr:2000/motor1",
                "attenuation_distance": 32
            }
        ]
    },
    "2000_point": {
        "sounds": [
            {
                "name": "mtr:2000/point",
                "attenuation_distance": 32
            }
        ]
    },
	"2000_dooropen": {
        "sounds": [
            {
                "name": "mtr:2000/dooropen",
                "attenuation_distance": 32
            }
        ]
    },
	"2000_doorclose": {
        "sounds": [
            {
                "name": "mtr:2000/doorclose",
                "attenuation_distance": 32
            }
        ]
    },
    "8500_motor0": {
        "sounds": [
            {
                "name": "mtr:8500/motor0",
                "attenuation_distance": 32
            }
        ]
    },
	"8500_motor1": {
        "sounds": [
            {
                "name": "mtr:8500/motor1",
                "attenuation_distance": 32
            }
        ]
    },
    "8500_point": {
        "sounds": [
            {
                "name": "mtr:8500/point",
                "attenuation_distance": 32
            }
        ]
    },
	"8500_dooropen": {
        "sounds": [
            {
                "name": "mtr:8500/dooropen",
                "attenuation_distance": 32
            }
        ]
    },
	"8500_doorclose": {
        "sounds": [
            {
                "name": "mtr:8500/doorclose",
                "attenuation_distance": 32
            }
        ]
    },
    "8500t_motor0": {
        "sounds": [
            {
                "name": "mtr:8500t/motor0",
                "attenuation_distance": 32
            }
        ]
    },
	"8500t_motor1": {
        "sounds": [
            {
                "name": "mtr:8500t/motor1",
                "attenuation_distance": 32
            }
        ]
    },
    "8500t_motor2": {
        "sounds": [
            {
                "name": "mtr:8500t/motor2",
                "attenuation_distance": 32
            }
        ]
    },
	"8500t_motor3": {
        "sounds": [
            {
                "name": "mtr:8500t/motor3",
                "attenuation_distance": 32
            }
        ]
    },
    "8500t_motor4": {
        "sounds": [
            {
                "name": "mtr:8500t/motor4",
                "attenuation_distance": 32
            }
        ]
    },
	"8500t_motor5": {
        "sounds": [
            {
                "name": "mtr:8500t/motor5",
                "attenuation_distance": 32
            }
        ]
    },
    "8500t_motor6": {
        "sounds": [
            {
                "name": "mtr:8500t/motor6",
                "attenuation_distance": 32
            }
        ]
    },
	"8500t_motor7": {
        "sounds": [
            {
                "name": "mtr:8500t/motor7",
                "attenuation_distance": 32
            }
        ]
    },   
    "8500t_motor8": {
        "sounds": [
            {
                "name": "mtr:8500t/motor8",
                "attenuation_distance": 32
            }
        ]
    },
	"8500t_motor9": {
        "sounds": [
            {
                "name": "mtr:8500t/motor9",
                "attenuation_distance": 32
            }
        ]
    },
    "8500t_motor10": {
        "sounds": [
            {
                "name": "mtr:8500t/motor10",
                "attenuation_distance": 32
            }
        ]
    },
	"8500t_motor11": {
        "sounds": [
            {
                "name": "mtr:8500t/motor11",
                "attenuation_distance": 32
            }
        ]
    },

    "8500t_point": {
        "sounds": [
            {
                "name": "mtr:8500t/point",
                "attenuation_distance": 32
            }
        ]
    },
	"8500t_dooropen": {
        "sounds": [
            {
                "name": "mtr:8500t/dooropen",
                "attenuation_distance": 32
            }
        ]
    },
	"8500t_doorclose": {
        "sounds": [
            {
                "name": "mtr:8500t/doorclose",
                "attenuation_distance": 32
            }
        ]
    },
    "20400_motor0": {
        "sounds": [
            {
                "name": "mtr:20400/motor0",
                "attenuation_distance": 32
            }
        ]
    },
    "20400_motor1": {
        "sounds": [
            {
                "name": "mtr:20400/motor1",
                "attenuation_distance": 32
            }
        ]
    },
    "20400_motor2": {
        "sounds": [
            {
                "name": "mtr:20400/motor2",
                "attenuation_distance": 32
            }
        ]
    },
    "20400_motor3": {
        "sounds": [
            {
                "name": "mtr:20400/motor3",
                "attenuation_distance": 32
            }
        ]
    },
    "20400_motor4": {
        "sounds": [
            {
                "name": "mtr:20400/motor4",
                "attenuation_distance": 32
            }
        ]
    },
    "20400_motor5": {
        "sounds": [
            {
                "name": "mtr:20400/motor5",
                "attenuation_distance": 32
            }
        ]
    },
    "20400_motor6": {
        "sounds": [
            {
                "name": "mtr:20400/motor6",
                "attenuation_distance": 32
            }
        ]
    },
    "20400_motor7": {
        "sounds": [
            {
                "name": "mtr:20400/motor7",
                "attenuation_distance": 32
            }
        ]
    },
    "20400_motor8": {
        "sounds": [
            {
                "name": "mtr:20400/motor8",
                "attenuation_distance": 32
            }
        ]
    },
    "20400_motor9": {
        "sounds": [
            {
                "name": "mtr:20400/motor9",
                "attenuation_distance": 32
            }
        ]
    },
    "20400_motor10": {
        "sounds": [
            {
                "name": "mtr:20400/motor10",
                "attenuation_distance": 32
            }
        ]
    },
    "20400_motor11": {
        "sounds": [
            {
                "name": "mtr:20400/motor11",
                "attenuation_distance": 32
            }
        ]
    },
    "20400_motor12": {
        "sounds": [
            {
                "name": "mtr:20400/motor12",
                "attenuation_distance": 32
            }
        ]
    },
    "20400_point": {
        "sounds": [
            {
                "name": "mtr:20400/point",
                "attenuation_distance": 32
            }
        ]
    },
	"20400_dooropen": {
        "sounds": [
            {
                "name": "mtr:20400/dooropen",
                "attenuation_distance": 32
            }
        ]
    },
	"20400_doorclose": {
        "sounds": [
            {
                "name": "mtr:20400/doorclose",
                "attenuation_distance": 32
            }
        ]
    },
    "50000_motor0": {
        "sounds": [
            {
                "name": "mtr:50000/motor0",
                "attenuation_distance": 32
            }
        ]
    },
	"50000_motor1": {
        "sounds": [
            {
                "name": "mtr:50000/motor1",
                "attenuation_distance": 32
            }
        ]
    },
    "50000_motor2": {
        "sounds": [
            {
                "name": "mtr:50000/motor2",
                "attenuation_distance": 32
            }
        ]
    },
	"50000_motor3": {
        "sounds": [
            {
                "name": "mtr:50000/motor3",
                "attenuation_distance": 32
            }
        ]
    },
    "50000_motor4": {
        "sounds": [
            {
                "name": "mtr:50000/motor4",
                "attenuation_distance": 32
            }
        ]
    },
	"50000_motor5": {
        "sounds": [
            {
                "name": "mtr:50000/motor5",
                "attenuation_distance": 32
            }
        ]
    },
    "50000_motor6": {
        "sounds": [
            {
                "name": "mtr:50000/motor6",
                "attenuation_distance": 32
            }
        ]
    },
	"50000_motor7": {
        "sounds": [
            {
                "name": "mtr:50000/motor7",
                "attenuation_distance": 32
            }
        ]
    },   
    "50000_point": {
        "sounds": [
            {
                "name": "mtr:50000/point",
                "attenuation_distance": 32
            }
        ]
    },
	"50000_dooropen": {
        "sounds": [
            {
                "name": "mtr:50000/dooropen",
                "attenuation_distance": 32
            }
        ]
    },
	"50000_doorclose": {
        "sounds": [
            {
                "name": "mtr:50000/doorclose",
                "attenuation_distance": 32
            }
        ]
    },
    "7000choppa_motor0": {
		"sounds": [
			{
				"name": "mtr:7000choppa/motor0",
				"attenuation_distance": 32
			}
		]
	},
	"7000choppa_motor1": {
		"sounds": [
			{
				"name": "mtr:7000choppa/motor1",
				"attenuation_distance": 32
			}
		]
	},
	"7000choppa_run0": {
		"sounds": [
			{
				"name": "mtr:7000choppa/run0",
				"attenuation_distance":32
			}
		]
	},
	"7000choppa_dooropen": {
		"sounds": [
			{
				"name": "mtr:7000choppa/dooropen",
				"attenuation_distance":32
			}
		]
	},
	"7000choppa_doorclose": {
		"sounds": [
			{
				"name": "mtr:7000choppa/doorclose",
				"attenuation_distance": 32
			}
		]
	},
	"7000shokihitachi_motor0": {
		"sounds": [
			{
				"name": "mtr:7000shokihitachi/motor0",
				"attenuation_distance": 32
			}
		]
	},
	"7000shokihitachi_motor1": {
		"sounds": [
			{
				"name": "mtr:7000shokihitachi/motor1",
				"attenuation_distance": 32
			}
		]
	},
	"7000shokihitachi_motor2": {
		"sounds": [
			{
				"name": "mtr:7000shokihitachi/motor2",
				"attenuation_distance": 32
			}
		]
	},
	"7000shokihitachi_motor3": {
		"sounds": [
			{
				"name": "mtr:7000shokihitachi/motor3",
				"attenuation_distance": 32
			}
		]
	},
	"7000shokihitachi_motor4": {
		"sounds": [
			{
				"name": "mtr:7000shokihitachi/motor4",
				"attenuation_distance": 32
			}
		]
	},
	"7000shokihitachi_motor5": {
		"sounds": [
			{
				"name": "mtr:7000shokihitachi/motor5",
				"attenuation_distance": 32
			}
		]
	},
	"7000shokihitachi_motor6": {
		"sounds": [
			{
				"name": "mtr:7000shokihitachi/motor6",
				"attenuation_distance": 32
			}
		]
	},
	"7000shokihitachi_run0": {
		"sounds": [
			{
				"name": "mtr:7000shokihitachi/run0",
				"attenuation_distance": 32
			}
		]
	},
	"7000shokihitachi_dooropen": {
		"sounds": [
			{
				"name": "mtr:7000shokihitachi/dooropen",
				"attenuation_distance": 32
			}
		]
	},
	"7000shokihitachi_doorclose": {
		"sounds": [
			{
				"name": "mtr:7000shokihitachi/doorclose",
				"attenuation_distance": 32
			}
		]
	},
	"6000mitsubishi_motor0": {
		"sounds": [
			{
				"name": "mtr:6000mitsubishi/motor0",
				"attenuation_distance": 32
			}
		]
	},
	"6000mitsubishi_motor1": {
		"sounds": [
			{
				"name": "mtr:6000mitsubishi/motor1",
				"attenuation_distance": 32
			}
		]
	},
	"6000mitsubishi_motor2": {
		"sounds": [
			{
				"name": "mtr:6000mitsubishi/motor2",
				"attenuation_distance": 32
			}
		]
	},
	"6000mitsubishi_motor3": {
		"sounds": [
			{
				"name": "mtr:6000mitsubishi/motor3",
				"attenuation_distance": 32
			}
		]
	},
	"6000mitsubishi_motor4": {
		"sounds": [
			{
				"name": "mtr:6000mitsubishi/motor4",
				"attenuation_distance": 32
			}
		]
	},
	"6000mitsubishi_motor5": {
		"sounds": [
			{
				"name": "mtr:6000mitsubishi/motor5",
				"attenuation_distance": 32
			}
		]
	},
	"6000mitsubishi_motor6": {
		"sounds": [
			{
				"name": "mtr:6000mitsubishi/motor6",
				"attenuation_distance": 32
			}
		]
	},
	"6000mitsubishi_dooropen": {
		"sounds": [
			{
				"name": "mtr:6000mitsubishi/dooropen",
				"attenuation_distance": 32
			}
		]
	},
	"6000mitsubishi_doorclose": {
		"sounds": [
			{
				"name": "mtr:6000mitsubishi/doorclose",
				"attenuation_distance": 32
			}
		]
	},
	"6000koukihitachi_motor0": {
		"sounds": [
			{
				"name": "mtr:6000koukihitachi/motor0",
				"attenuation_distance": 32
			}
		]
	},
	"6000koukihitachi_motor1": {
		"sounds": [
			{
				"name": "mtr:6000koukihitachi/motor1",
				"attenuation_distance": 32
			}
		]
	},
	"6000koukihitachi_motor2": {
		"sounds": [
			{
				"name": "mtr:6000koukihitachi/motor2",
				"attenuation_distance": 32
			}
		]
	},
	"6000koukihitachi_motor3": {
		"sounds": [
			{
				"name": "mtr:6000koukihitachi/motor3",
				"attenuation_distance": 32
			}
		]
	},
	"6000koukihitachi_motor4": {
		"sounds": [
			{
				"name": "mtr:6000koukihitachi/motor4",
				"attenuation_distance": 32
			}
		]
	},
	"6000koukihitachi_motor5": {
		"sounds": [
			{
				"name": "mtr:6000koukihitachi/motor5",
				"attenuation_distance": 32
			}
		]
	},
	"6000koukihitachi_motor6": {
		"sounds": [
			{
				"name": "mtr:6000koukihitachi/motor6",
				"attenuation_distance": 32
			}
		]
	},
	"6000koukihitachi_run0": {
		"sounds": [
			{
				"name": "mtr:6000koukihitachi/run0",
				"attenuation_distance": 32
			}
		]
	},
	"6000koukihitachi_dooropen": {
		"sounds": [
			{
				"name": "mtr:6000koukihitachi/dooropen",
				"attenuation_distance": 32
			}
		]
	},
	"6000koukihitachi_doorclose": {
		"sounds": [
			{
				"name": "mtr:6000koukihitachi/doorclose",
				"attenuation_distance": 32
			}
		]
	},
    "tokyu5000_doorclose": {
		"sounds": [
			{
				"name": "mtr:tokyu5000/doorclose",
				"attenuation_distance": 32
			}
		]
	},
	"tokyu5000_dooropen": {
		"sounds": [
			{
				"name": "mtr:tokyu5000/dooropen",
				"attenuation_distance": 32
			}
		]
	},
	"tokyu5000_run0": {
		"sounds": [
			{
				"name": "mtr:tokyu5000/run0",
				"attenuation_distance": 32
			}
		]
	},
	"tokyu5000_motor0": {
		"sounds": [
			{
				"name": "mtr:tokyu5000/motor0",
				"attenuation_distance": 32
			}
		]
	},
	"tokyu5000_motor1": {
		"sounds": [
			{
				"name": "mtr:tokyu5000/motor1",
				"attenuation_distance": 32
			}
		]
	},
	"tokyu5000_motor2": {
		"sounds": [
			{
				"name": "mtr:tokyu5000/motor2",
				"attenuation_distance": 32
			}
		]
	},
	"tokyu5000_motor3": {
		"sounds": [
			{
				"name": "mtr:tokyu5000/motor3",
				"attenuation_distance": 32
			}
		]
	},
	"tokyu5000_motor4": {
		"sounds": [
			{
				"name": "mtr:tokyu5000/motor4",
				"attenuation_distance": 32
			}
		]
	},
	"tokyu5000_motor5": {
		"sounds": [
			{
				"name": "mtr:tokyu5000/motor5",
				"attenuation_distance": 32
			}
		]
	},
	"tokyu5000_motor6": {
		"sounds": [
			{
				"name": "mtr:tokyu5000/motor6",
				"attenuation_distance": 32
			}
		]
	},
	"tokyu5000_motor7": {
		"sounds": [
			{
				"name": "mtr:tokyu5000/motor7",
				"attenuation_distance": 32
			}
		]
	},
    "tokyu5050_77_doorclose": {
		"sounds": [
			{
				"name": "mtr:tokyu5050_77/doorclose",
				"attenuation_distance": 32
			}
		]
	},
	"tokyu5050_77_dooropen": {
		"sounds": [
			{
				"name": "mtr:tokyu5050_77/dooropen",
				"attenuation_distance": 32
			}
		]
	},
	"tokyu5050_77_run0": {
		"sounds": [
			{
				"name": "mtr:tokyu5050_77/run0",
				"attenuation_distance": 32
			}
		]
	},
	"tokyu5050_77_motor0": {
		"sounds": [
			{
				"name": "mtr:tokyu5050_77/motor0",
				"attenuation_distance": 32
			}
		]
	},
	"tokyu5050_77_motor1": {
		"sounds": [
			{
				"name": "mtr:tokyu5050_77/motor1",
				"attenuation_distance": 32
			}
		]
	},
	"tokyu5050_77_motor2": {
		"sounds": [
			{
				"name": "mtr:tokyu5050_77/motor2",
				"attenuation_distance": 32
			}
		]
	},
	"tokyu5050_77_motor3": {
		"sounds": [
			{
				"name": "mtr:tokyu5050_77/motor3",
				"attenuation_distance": 32
			}
		]
	},
	"tokyu5050_77_motor4": {
		"sounds": [
			{
				"name": "mtr:tokyu5050_77/motor4",
				"attenuation_distance": 32
			}
		]
	},
	"tokyu5050_77_motor5": {
		"sounds": [
			{
				"name": "mtr:tokyu5050_77/motor5",
				"attenuation_distance": 32
			}
		]
	},
    "mctn_door_close": {
		"sounds": [
			{
				"name": "mtr:mctn/door_close",
				"attenuation_distance": 32,
				"pitch": 1
			}
		]
	},
	"mctn_door_open": {
		"sounds": [
			{
				"name": "mtr:mctn/door_open",
				"attenuation_distance": 32,
				"pitch": 1
			}
		]
	},
    "mcta_door_close": {
		"sounds": [
			{
				"name": "mtr:mcta/door_close",
				"attenuation_distance": 32,
				"pitch": 1
			}
		]
	},
	"mcta_door_open": {
		"sounds": [
			{
				"name": "mtr:mcta/door_open",
				"attenuation_distance": 32,
				"pitch": 1
			}
		]
	},
    "mcth_door_close": {
		"sounds": [
			{
				"name": "mtr:mcth/door_close",
				"attenuation_distance": 32,
				"pitch": 1
			}
		]
	},
	"mcth_door_open": {
		"sounds": [
			{
				"name": "mtr:mcth/door_open",
				"attenuation_distance": 32,
				"pitch": 1
			}
		]
	},
    "30000_door_close": {
		"sounds": [
			{
				"name": "mtr:30000/door_close",
				"attenuation_distance": 32,
				"pitch": 1
			}
		]
	},
	"30000_door_open": {
		"sounds": [
			{
				"name": "mtr:30000/door_open",
				"attenuation_distance": 32,
                "pitch": 1
			}
		]
	},
    "seibu30000_dooropen": {
		"sounds": [
			{
				"name": "mtr:seibu30000/dooropen",
				"attenuation_distance": 32
			}
		]
	},
	"seibu30000_doorclose": {
		"sounds": [
			{
				"name": "mtr:seibu30000/doorclose",
				"attenuation_distance": 32
			}
		]
	},
	"seibu30000_motor0": {
		"sounds": [
			{
				"name": "mtr:seibu30000/motor0",
				"attenuation_distance": 32
			}
		]
	},
	"seibu30000_motor1": {
		"sounds": [
			{
				"name": "mtr:seibu30000/motor1",
				"attenuation_distance": 32
			}
		]
	},
    "seibu30000_motor2": {
		"sounds": [
			{
				"name": "mtr:seibu30000/motor2",
				"attenuation_distance": 32
			}
		]
	},
	"seibu30000_motor3": {
		"sounds": [
			{
				"name": "mtr:seibu30000/motor3",
				"attenuation_distance": 32
			}
		]
	},
	"seibu30000_motor4": {
		"sounds": [
			{
				"name": "mtr:seibu30000/motor4",
				"attenuation_distance": 32
			}
		]
	},
	"seibu30000_motor5": {
		"sounds": [
			{
				"name": "mtr:seibu30000/motor5",
				"attenuation_distance": 32
			}
		]
	},
	"seibu30000_motor6": {
		"sounds": [
			{
				"name": "mtr:seibu30000/motor6",
				"attenuation_distance": 32
			}
		]
	},
	"seibu30000_motor7": {
		"sounds": [
			{
				"name": "mtr:seibu30000/motor7",
				"attenuation_distance": 32
			}
		]
	},
	"seibu30000_run0": {
		"sounds": [
			{
				"name": "mtr:seibu30000/run0",
				"attenuation_distance": 32
			}
		]
	},
	"seibu6000_gto1_dooropen": {
		"sounds": [
			{
				"name": "mtr:seibu6000_gto1/dooropen",
				"attenuation_distance": 32
			}
		]
	},
	"seibu6000_gto1_doorclose": {
		"sounds": [
			{
				"name": "mtr:seibu6000_gto1/doorclose",
				"attenuation_distance": 32
			}
		]
	},
	"seibu6000_gto1_motor0": {
		"sounds": [
			{
				"name": "mtr:seibu6000_gto1/motor0",
				"attenuation_distance": 32
			}
		]
	},
	"seibu6000_gto1_motor1": {
		"sounds": [
			{
				"name": "mtr:seibu6000_gto1/motor1",
				"attenuation_distance": 32
			}
		]
	},
	"seibu6000_gto1_motor2": {
		"sounds": [
			{
				"name": "mtr:seibu6000_gto1/motor2",
				"attenuation_distance": 32
			}
		]
	},
	"seibu6000_gto1_motor3": {
		"sounds": [
			{
				"name": "mtr:seibu6000_gto1/motor3",
				"attenuation_distance": 32
			}
		]
	},
	"seibu6000_gto1_motor4": {
		"sounds": [
			{
				"name": "mtr:seibu6000_gto1/motor4",
				"attenuation_distance": 32
			}
		]
	},
	"seibu6000_gto1_motor5": {
		"sounds": [
			{
				"name": "mtr:seibu6000_gto1/motor5",
				"attenuation_distance": 32
			}
		]
	},
	"seibu6000_gto1_motor6": {
		"sounds": [
			{
				"name": "mtr:seibu6000_gto1/motor6",
				"attenuation_distance": 32
			}
		]
	},
	"seibu6000_gto1_motor7": {
		"sounds": [
			{
				"name": "mtr:seibu6000_gto1/motor7",
				"attenuation_distance": 32
			}
		]
	},
	"seibu6000_gto1_motor8": {
		"sounds": [
			{
				"name": "mtr:seibu6000_gto1/motor8",
				"attenuation_distance": 32
			}
		]
	},
	"seibu6000_gto1_motor9": {
		"sounds": [
			{
				"name": "mtr:seibu6000_gto1/motor9",
				"attenuation_distance": 32
			}
		]
	},
	"seibu6000_gto1_motor10": {
		"sounds": [
			{
				"name": "mtr:seibu6000_gto1/motor10",
				"attenuation_distance": 32
			}
		]
	},
	"seibu6000_gto1_motor11": {
		"sounds": [
			{
				"name": "mtr:seibu6000_gto1/motor11",
				"attenuation_distance": 32
			}
		]
	},
	"seibu6000_gto1_motor12": {
		"sounds": [
			{
				"name": "mtr:seibu6000_gto1/motor12",
				"attenuation_distance": 32
			}
		]
	},
	"seibu6000_gto1_motor13": {
		"sounds": [
			{
				"name": "mtr:seibu6000_gto1/motor13",
				"attenuation_distance": 32
			}
		]
	},
	"seibu6000_gto1_motor14": {
		"sounds": [
			{
				"name": "mtr:seibu6000_gto1/motor14",
				"attenuation_distance": 32
			}
		]
	},
	"seibu6000_gto1_run0": {
		"sounds": [
			{
				"name": "mtr:seibu6000_gto1/run0",
				"attenuation_distance": 32
			}
		]
	},
    "e233_dooropen": {
		"sounds": [
			{
				"name": "mtr:e233/dooropen",
				"attenuation_distance": 32
			}
		]
	},
	"e233_doorclose": {
		"sounds": [
			{
				"name": "mtr:e233/doorclose",
				"attenuation_distance": 32
			}
		]
	},
	"e233_motor0": {
		"sounds": [
			{
				"name": "mtr:e233/motor0",
				"attenuation_distance": 32
			}
		]
	},
	"e233_motor1": {
		"sounds": [
			{
				"name": "mtr:e233/motor1",
				"attenuation_distance": 32
			}
		]
	},
    "e233_motor2": {
		"sounds": [
			{
				"name": "mtr:e233/motor2",
				"attenuation_distance": 32
			}
		]
	},
	"e233_motor3": {
		"sounds": [
			{
				"name": "mtr:e233/motor3",
				"attenuation_distance": 32
			}
		]
	},
	"e233_motor4": {
		"sounds": [
			{
				"name": "mtr:e233/motor4",
				"attenuation_distance": 32
			}
		]
	},
	"e233_run0": {
		"sounds": [
			{
				"name": "mtr:e233/run0",
				"attenuation_distance": 32
			}
		]
	},
    "nk8300_dooropen": {
		"sounds": [
			{
				"name": "mtr:nk8300/dooropen",
				"attenuation_distance": 32
			}
		]
	},
	"nk8300_doorclose": {
		"sounds": [
			{
				"name": "mtr:nk8300/doorclose",
				"attenuation_distance": 32
			}
		]
	},
	"nk8300_motor0": {
		"sounds": [
			{
				"name": "mtr:nk8300/motor0",
				"attenuation_distance": 32
			}
		]
	},
	"nk8300_motor1": {
		"sounds": [
			{
				"name": "mtr:nk8300/motor1",
				"attenuation_distance": 32
			}
		]
	},
    "nk8300_motor2": {
		"sounds": [
			{
				"name": "mtr:nk8300/motor2",
				"attenuation_distance": 32
			}
		]
	},
	"nk8300_motor3": {
		"sounds": [
			{
				"name": "mtr:nk8300/motor3",
				"attenuation_distance": 32
			}
		]
	},
	"nk8300_motor4": {
		"sounds": [
			{
				"name": "mtr:nk8300/motor4",
				"attenuation_distance": 32
			}
		]
	},
	"nk8300_run0": {
		"sounds": [
			{
				"name": "mtr:nk8300/run0",
				"attenuation_distance": 32
			}
		]
	},
    "so20000_dooropen": {
		"sounds": [
			{
				"name": "mtr:so20000/dooropen",
				"attenuation_distance": 32
			}
		]
	},
	"so20000_doorclose": {
		"sounds": [
			{
				"name": "mtr:so20000/doorclose",
				"attenuation_distance": 32
			}
		]
	},
	"so20000_motor0": {
		"sounds": [
			{
				"name": "mtr:so20000/motor0",
				"attenuation_distance": 32
			}
		]
	},
	"so20000_motor1": {
		"sounds": [
			{
				"name": "mtr:so20000/motor1",
				"attenuation_distance": 32
			}
		]
	},
    "so20000_motor2": {
		"sounds": [
			{
				"name": "mtr:so20000/motor2",
				"attenuation_distance": 32
			}
		]
	},
	"so20000_motor3": {
		"sounds": [
			{
				"name": "mtr:so20000/motor3",
				"attenuation_distance": 32
			}
		]
	},
	"so20000_motor4": {
		"sounds": [
			{
				"name": "mtr:so20000/motor4",
				"attenuation_distance": 32
			}
		]
	},
	"so20000_run0": {
		"sounds": [
			{
				"name": "mtr:so20000/run0",
				"attenuation_distance": 32
			}
		]
	},
    "sb40000_dooropen": {
		"sounds": [
			{
				"name": "mtr:sb40000/dooropen",
				"attenuation_distance": 32
			}
		]
	},
	"sb40000_doorclose": {
		"sounds": [
			{
				"name": "mtr:sb40000/doorclose",
				"attenuation_distance": 32
			}
		]
	},
	"sb40000_motor0": {
		"sounds": [
			{
				"name": "mtr:sb40000/motor0",
				"attenuation_distance": 32
			}
		]
	},
	"sb40000_motor1": {
		"sounds": [
			{
				"name": "mtr:sb40000/motor1",
				"attenuation_distance": 32
			}
		]
	},
    "sb40000_motor2": {
		"sounds": [
			{
				"name": "mtr:sb40000/motor2",
				"attenuation_distance": 32
			}
		]
	},
	"sb40000_motor3": {
		"sounds": [
			{
				"name": "mtr:sb40000/motor3",
				"attenuation_distance": 32
			}
		]
	},
	"sb40000_motor4": {
		"sounds": [
			{
				"name": "mtr:sb40000/motor4",
				"attenuation_distance": 32
			}
		]
	},
	"sb40000_run0": {
		"sounds": [
			{
				"name": "mtr:sb40000/run0",
				"attenuation_distance": 32
			}
		]
	},
    "kq1000_dooropen": {
		"sounds": [
			{
				"name": "mtr:kq1000/dooropen",
				"attenuation_distance": 32
			}
		]
	},
	"kq1000_doorclose": {
		"sounds": [
			{
				"name": "mtr:kq1000/doorclose",
				"attenuation_distance": 32
			}
		]
	},
	"kq1000_motor0": {
		"sounds": [
			{
				"name": "mtr:kq1000/motor0",
				"attenuation_distance": 32
			}
		]
	},
	"kq1000_motor1": {
		"sounds": [
			{
				"name": "mtr:kq1000/motor1",
				"attenuation_distance": 32
			}
		]
	},
    "kq1000_motor2": {
		"sounds": [
			{
				"name": "mtr:kq1000/motor2",
				"attenuation_distance": 32
			}
		]
	},
	"kq1000_motor3": {
		"sounds": [
			{
				"name": "mtr:kq1000/motor3",
				"attenuation_distance": 32
			}
		]
	},
	"kq1000_motor4": {
		"sounds": [
			{
				"name": "mtr:kq1000/motor4",
				"attenuation_distance": 32
			}
		]
	},
	"kq1000_motor5": {
		"sounds": [
			{
				"name": "mtr:kq1000/motor5",
				"attenuation_distance": 32
			}
		]
	},
    "kq1000_motor6": {
		"sounds": [
			{
				"name": "mtr:kq1000/motor6",
				"attenuation_distance": 32
			}
		]
	},
	"kq1000_motor7": {
		"sounds": [
			{
				"name": "mtr:kq1000/motor7",
				"attenuation_distance": 32
			}
		]
	},
	"kq1000_motor8": {
		"sounds": [
			{
				"name": "mtr:kq1000/motor8",
				"attenuation_distance": 32
			}
		]
	},
	"kq1000_motor9": {
		"sounds": [
			{
				"name": "mtr:kq1000/motor9",
				"attenuation_distance": 32
			}
		]
	},
	"kq1000_motor10": {
		"sounds": [
			{
				"name": "mtr:kq1000/motor10",
				"attenuation_distance": 32
			}
		]
	},
	"kq1000_motor11": {
		"sounds": [
			{
				"name": "mtr:kq1000/motor11",
				"attenuation_distance": 32
			}
		]
	},
	"kq1000_motor12": {
		"sounds": [
			{
				"name": "mtr:kq1000/motor12",
				"attenuation_distance": 32
			}
		]
	},
    "kq1000_motor13": {
		"sounds": [
			{
				"name": "mtr:kq1000/motor13",
				"attenuation_distance": 32
			}
		]
	},
	"kq1000_motor14": {
		"sounds": [
			{
				"name": "mtr:kq1000/motor14",
				"attenuation_distance": 32
			}
		]
	},
	"n700a_airhigh": {
        "sounds": [
            {
                "name": "mtr:n700a\/airhigh",
                "attenuation_distance": 32
            }
        ]
    },
    "n700a_airzero": {
        "sounds": [
            {
                "name": "mtr:n700a\/airzero",
                "attenuation_distance": 32
            }
        ]
    },
    "n700a_doorcls": {
        "sounds": [
            {
                "name": "mtr:n700a\/door_close",
                "attenuation_distance": 32,
                "pitch": 1
            }
        ]
    },
    "n700a_dooropn": {
        "sounds": [
            {
                "name": "mtr:n700a\/door_open",
                "attenuation_distance": 32,
				"pitch": 1
            }
        ]
    },
    "n700a_loop": {
        "sounds": [
            {
                "name": "mtr:n700a\/loop",
                "attenuation_distance": 32
            }
        ]
    },
    "n700a_motor2": {
        "sounds": [
            {
                "name": "mtr:n700a\/motor2",
                "attenuation_distance": 48
            }
        ]
    },
    "n700a_motor3": {
        "sounds": [
            {
                "name": "mtr:n700a\/motor3",
                "attenuation_distance": 48
            }
        ]
    },
    "n700a_motor1": {
        "sounds": [
            {
                "name": "mtr:n700a\/motor1",
                "attenuation_distance": 48
            }
        ]
    },    "n700a_motor4": {
        "sounds": [
            {
                "name": "mtr:n700a\/motor4",
                "attenuation_distance": 48
            }
        ]
    },    "n700a_motor5": {
        "sounds": [
            {
                "name": "mtr:n700a\/motor5",
                "attenuation_distance": 48
            }
        ]
    },
    "n700a_motor0": {
        "sounds": [
            {
                "name": "mtr:n700a\/motor0",
                "attenuation_distance": 32
            }
        ]
    },
    "n700a_point": {
        "sounds": [
            {
                "name": "mtr:n700a\/point",
                "attenuation_distance": 32
            }
        ]
    },    
	"n700a_rub": {
        "sounds": [
            {
                "name": "mtr:n700a\/rub",
                "attenuation_distance": 32
            }
        ]
    },
    "n700a_run": {
        "sounds": [
            {
                "name": "mtr:n700a\/run",
                "attenuation_distance": 32
            }
        ]
    },
	"kq1000_motor15": {
		"sounds": [
			{
				"name": "mtr:kq1000/motor15",
				"attenuation_distance": 32
			}
		]
	},
	"kq1000_run0": {
		"sounds": [
			{
				"name": "mtr:kq1000/run0",
				"attenuation_distance": 32
			}
		]
	},
	"line2_arbobstown":{
		"sounds":[
			{
				"name": "mtr:WTA/line2/ARBobs",
				"attenuation_distance":32
			}
		]
	},
	"line2_arbridgeport":{
		"sounds":[
			{
				"name": "mtr:WTA/line2/ARBridge",
				"attenuation_distance":32
			}
		]
	},
	"line2_arfleurpraire":{
		"sounds":[
			{
				"name": "mtr:WTA/line2/ARFleurpraire",
				"attenuation_distance":32
			}
		]
	},
	"line2_atc":{
		"sounds":[
			{
				"name": "mtr:WTA/line2/atc",
				"attenuation_distance":32
			}
		]
	},
	"line2_avw":{
		"sounds":[
			{
				"name": "mtr:WTA/line2/avw",
				"attenuation_distance":32
			}
		]
	},
	"line2_bfbobstown":{
		"sounds":[
			{
				"name": "mtr:WTA/line2/BFBobstown",
				"attenuation_distance":32
			}
		]
	},
	"line2_bfbridgeport":{
		"sounds":[
			{
				"name": "mtr:WTA/line2/BFBridgeport",
				"attenuation_distance":32
			}
		]
	},
	"line2_bffleurpraire":{
		"sounds":[
			{
				"name": "mtr:WTA/line2/BFFleur",
				"attenuation_distance":32
			}
		]
	},
	"line2_bluestream":{
		"sounds":[
			{
				"name": "mtr:WTA/line2/bluestream",
				"attenuation_distance":32
			}
		]
	},
	"line2_bobstown":{
		"sounds":[
			{
				"name": "mtr:WTA/line2/bobstown",
				"attenuation_distance":32
			}
		]
	},
	"line2_bridgeport":{
		"sounds":[
			{
				"name": "mtr:WTA/line2/bridgeport",
				"attenuation_distance":32
			}
		]
	},
	"line2_dripstone":{
		"sounds":[
			{
				"name": "mtr:WTA/line2/dripstone",
				"attenuation_distance":32
			}
		]
	},
	"line2_fleurpraireest":{
		"sounds":[
			{
				"name": "mtr:WTA/line2/fle",
				"attenuation_distance":32
			}
		]
	},
	"line2_fleurpraire":{
		"sounds":[
			{
				"name": "mtr:WTA/line2/fleurpraire",
				"attenuation_distance":32
			}
		]
	},
	"line2_fleurpraire_terminus":{
		"sounds":[
			{
				"name": "mtr:WTA/line2/fleurpraire_terminus",
				"attenuation_distance":32
			}
		]
	},
	"line2_hbv":{
		"sounds":[
			{
				"name": "mtr:WTA/line2/hbv",
				"attenuation_distance":32
			}
		]
	},
	"line2_htc":{
		"sounds":[
			{
				"name": "mtr:WTA/line2/htc",
				"attenuation_distance":32
			}
		]
	},
	"line2_lavender":{
		"sounds":[
			{
				"name": "mtr:WTA/line2/lavender",
				"attenuation_distance":32
			}
		]
	},
	"line2_otis":{
		"sounds":[
			{
				"name": "mtr:WTA/line2/otis",
				"attenuation_distance":32
			}
		]
	},
	"line2_plainriver":{
		"sounds":[
			{
				"name": "mtr:WTA/line2/plainriver",
				"attenuation_distance":32
			}
		]
	},
	"line2_sgw":{
		"sounds":[
			{
				"name": "mtr:WTA/line2/sgw",
				"attenuation_distance":32
			}
		]
	}


}