{
    "curved_plat_psd": {
        "name": "Platform PSD",
        "model": "mtrsteamloco:models/curved_plat/psd/psd.obj",
        "yOffset": 0.51,
        "flipV": true,
        "repeatInterval": 0.95
    },
    "curved_plat_psd_indented": {
        "name": "Platform PSD/Indented",
        "model": "mtrsteamloco:models/curved_plat/psd/psd_indented.obj",
        "flipV": true,
        "yOffset": 0.51,
        "repeatInterval": 0.95
    },
    "curved_plat_psd_slab_bottom": {
        "name": "Platform PSD/SlabLow",
        "model": "mtrsteamloco:models/curved_plat/psd/psd_slab_bottom.obj",
        "flipV": true,
        "repeatInterval": 0.95
    },
    "curved_plat_psd_slab_top": {
        "name": "Platform PSD/SlabHigh",
        "model": "mtrsteamloco:models/curved_plat/psd/psd_slab_top.obj",
        "flipV": true,
        "repeatInterval": 0.95
    },
    "curved_plat_psd_flipped": {
        "name": "Platform PSD [Flipped]",
        "model": "mtrsteamloco:models/curved_plat/psd/psd_flipped.obj",
        "yOffset": 0.51,
        "flipV": true,
        "repeatInterval": 0.95
    }
}
