{
    "curved_plat_apg": {
        "name": "Platform APG",
        "model": "mtrsteamloco:models/curved_plat/apg/apg.obj",
        "yOffset": 0.51,
        "flipV": true,
        "repeatInterval": 0.95
    },
    "curved_plat_apg_indented": {
        "name": "Platform APG/Indented",
        "model": "mtrsteamloco:models/curved_plat/apg/apg_indented.obj",
        "flipV": true,
        "yOffset": 0.51,
        "repeatInterval": 0.95
    },
    "curved_plat_apg_slab_bottom": {
        "name": "Platform APG/SlabLow",
        "model": "mtrsteamloco:models/curved_plat/apg/apg_slab_bottom.obj",
        "flipV": true,
        "repeatInterval": 0.95
    },
    "curved_plat_apg_slab_top": {
        "name": "Platform APG/SlabHigh",
        "model": "mtrsteamloco:models/curved_plat/apg/apg_slab_top.obj",
        "flipV": true,
        "repeatInterval": 0.95
    }
}
