{
	"pids_images": [
		{
			"id": "SNCF_PLATFORM_DISPLAY",
			"name": "[SNCF-v0.1] Affichage sur Voie",
			"thumbnail": "jsblock:sncf/images/thumbnails/platform_display.png",
			"scriptFiles": ["jsblock:sncf/scripts/platform/platform_display.js"]
		},
		{
			"id": "SNCF_STATION_DEPARTURES",
			"name": "[SNCF-v0.1] Départs en Gare",
			"thumbnail": "jsblock:sncf/images/thumbnails/station_departures.png",
			"scriptFiles": ["jsblock:sncf/scripts/station/departures_display.js"]
		},
		{
			"id": "SNCF_STATION_ARRIVALS",
			"name": "[SNCF-v0.1] Arrivées en Gare",
			"thumbnail": "jsblock:sncf/images/thumbnails/station_arrivals.png",
			"scriptFiles": ["jsblock:sncf/scripts/station/arrivals_display.js"]
		},
		{
			"id": "wta_white",
			"showWeather": false,
			"showClock": false,
			"hideRow": [true, true, true, true],
			"customTextPushArrival": false,
			"background": "jsblock:intersec/wta_white.png",
			"fonts": "mtr:mtr",
			"color": "FFFFFF"
		},
		{"id": "wta_black",
			"showWeather": false,
			"showClock": false,
			"hideRow": [true, true, true, true],
			"customTextPushArrival": false,
			"background": "jsblock:intersec/wta_black.png",
			"fonts": "mtr:mtr",
			"color": "FFFFFF"
		}
	]
}